Workbook

Sheet ABRIL
F1: SUPER | G1: NIVEL | H1: TRABAJO | I1: DRENAR | J1: MEDICION BS2 | K1: AFORO FT | L1: A. INTERMITENTE | N1: SUPER | O1: NIVEL | P1: TRABAJO | Q1: DRENAR | R1: MEDICION BS2 | S1: AFORO FT | T1: A. INTERMITENTE | V1: SUPER | W1: NIVEL | X1: TRABAJO | Y1: DRENAR | Z1: MEDICION BS2 | AA1: AFORO FT | AB1: A. INTERMITENTE | AD1: SUPER | AE1: NIVEL | AF1: TRABAJO | AG1: DRENAR | AH1: MEDICION BS2 | AI1: AFORO FT | AJ1: A. INTERMITENTE | AL1: SUPER | AM1: NIVEL | AN1: TRABAJO | AO1: DRENAR | AP1: MEDICION BS2 | AQ1: AFORO FT | AR1: A. INTERMITENTE | AT1: SUPER | AU1: NIVEL | AV1: TRABAJO | AW1: DRENAR | AX1: MEDICION BS2 | AY1: AFORO FT | AZ1: A. INTERMITENTE | BB1: SUPER | BC1: NIVEL | BD1: TRABAJO | BE1: DRENAR | BF1: MEDICION BS2 | BG1: AFORO FT | BH1: A. INTERMITENTE | BJ1: SUPER | BK1: NIVEL | BL1: TRABAJO | BM1: DRENAR | BN1: MEDICION BS2 | BO1: AFORO FT | BP1: A. INTERMITENTE | BR1: SUPER | BS1: NIVEL | BT1: TRABAJO | BU1: DRENAR | BV1: MEDICION BS2 | BW1: AFORO FT | BX1: A. INTERMITENTE | BZ1: SUPER | CA1: NIVEL | CB1: TRABAJO | CC1: DRENAR | CD1: MEDICION BS2 | CE1: AFORO FT | CF1: A. INTERMITENTE | CH1: SUPER | CI1: NIVEL | CJ1: TRABAJO | CK1: DRENAR | CL1: MEDICION BS2 | CM1: AFORO FT | CN1: A. INTERMITENTE | CP1: SUPER | CQ1: NIVEL | CR1: TRABAJO | CS1: DRENAR | CT1: MEDICION BS2 | CU1: AFORO FT | CV1: A. INTERMITENTE | CX1: SUPER | CY1: NIVEL | CZ1: TRABAJO | DA1: DRENAR | DB1: MEDICION BS2 | DC1: AFORO FT | DD1: A. INTERMITENTE | DF1: SUPER | DG1: NIVEL | DH1: TRABAJO | DI1: DRENAR | DJ1: MEDICION BS2 | DK1: AFORO FT | DL1: A. INTERMITENTE | DN1: SUPER | DO1: NIVEL | DP1: TRABAJO | DQ1: DRENAR | DR1: MEDICION BS2 | DS1: AFORO FT | DT1: A. INTERMITENTE | DV1: SUPER | DW1: NIVEL | DX1: TRABAJO | DY1: DRENAR | DZ1: MEDICION BS2 | EA1: AFORO FT | EB1: A. INTERMITENTE | ED1: SUPER | EE1: NIVEL | EF1: TRABAJO | EG1: DRENAR | EH1: MEDICION BS2 | EI1: AFORO FT | EJ1: A. INTERMITENTE | EL1: SUPER | EM1: NIVEL | EN1: TRABAJO | EO1: DRENAR | EP1: MEDICION BS2 | EQ1: AFORO FT | ER1: A. INTERMITENTE | ET1: SUPER | EU1: NIVEL | EV1: TRABAJO | EW1: DRENAR | EX1: MEDICION BS2 | EY1: AFORO FT | EZ1: A. INTERMITENTE | FB1: SUPER | FC1: NIVEL | FD1: TRABAJO | FE1: DRENAR | FF1: MEDICION BS2 | FG1: AFORO FT | FH1: A. INTERMITENTE | FJ1: SUPER | FK1: NIVEL | FL1: TRABAJO | FM1: DRENAR | FN1: MEDICION BS2 | FO1: AFORO FT | FP1: A. INTERMITENTE | FR1: SUPER | FS1: NIVEL | FT1: TRABAJO | FU1: DRENAR | FV1: MEDICION BS2 | FW1: AFORO FT | FX1: A. INTERMITENTE | FZ1: SUPER | GA1: NIVEL | GB1: TRABAJO | GC1: DRENAR | GD1: MEDICION BS2 | GE1: AFORO FT | GF1: A. INTERMITENTE | GH1: SUPER | GI1: NIVEL | GJ1: TRABAJO | GK1: DRENAR | GL1: MEDICION BS2 | GM1: AFORO FT | GN1: A. INTERMITENTE | GP1: SUPER | GQ1: NIVEL | GR1: TRABAJO | GS1: DRENAR | GT1: MEDICION BS2 | GU1: AFORO FT | GV1: A. INTERMITENTE | GX1: SUPER | GY1: NIVEL | GZ1: TRABAJO | HA1: DRENAR | HB1: MEDICION BS2 | HC1: AFORO FT | HD1: A. INTERMITENTE | HF1: SUPER | HG1: NIVEL | HH1: TRABAJO | HI1: DRENAR | HJ1: MEDICION BS2 | HK1: AFORO FT | HL1: A. INTERMITENTE | HN1: SUPER | HO1: NIVEL | HP1: TRABAJO | HQ1: DRENAR | HR1: MEDICION BS2 | HS1: AFORO FT | HT1: A. INTERMITENTE | HV1: SUPER | HW1: NIVEL | HX1: TRABAJO | HY1: DRENAR | HZ1: MEDICION BS2 | IA1: AFORO FT | IB1: A. INTERMITENTE | ID1: SUPER | IE1: NIVEL | IF1: TRABAJO | IG1: DRENAR | IH1: MEDICION BS2 | II1: AFORO FT | IJ1: A. INTERMITENTE
B2: Fecha | C2: POZO | D2: ESTATUS | HN2: D | HU2: L | IC2: M
C3: CUICHAPA 106D | D3: OPERANDO | E3: 46174 | M3: =+E3+1 -> 46175 | N3: 2 | O3: 3 | U3: =+M3+1 -> 46176 | W3: 4 | AC3: =+U3+1 -> 46177 | AD3: 1 | AE3: 4 | AK3: =+AC3+1 -> 46178 | AL3: 1 | AM3: 4 | AS3: =+AK3+1 -> 46179 | AT3: 1 | AU3: 4 | BA3: =+AS3+1 -> 46180 | BB3: 1 | BC3: 3 | BI3: =+BA3+1 -> 46181 | BJ3: 1 | BK3: 3 | BQ3: =+BI3+1 -> 46182 | BR3: 1 | BS3: 3 | BY3: =+BQ3+1 -> 46183 | BZ3: 1 | CA3: 3 | CG3: =+BY3+1 -> 46184 | CH3: 1 | CI3: 3 | CO3: =+CG3+1 -> 46185 | CP3: 1 | CQ3: 3 | CW3: =+CO3+1 -> 46186 | CX3: 1 | CY3: 3 | DE3: =+CW3+1 -> 46187 | DF3: 1 | DG3: 3 | DM3: =+DE3+1 -> 46188 | DN3: 1 | DO3: 2 | DU3: =+DM3+1 -> 46189 | DV3: 1 | DW3: 2 | EC3: =+DU3+1 -> 46190 | ED3: 1 | EE3: 2 | EK3: =+EC3+1 -> 46191 | EL3: 1 | EM3: 2 | ES3: =+EK3+1 -> 46192 | ET3: 1 | EU3: 2 | FA3: =+ES3+1 -> 46193 | FI3: =+FA3+1 -> 46194 | FQ3: =+FI3+1 -> 46195 | FY3: =+FQ3+1 -> 46196 | GG3: =+FY3+1 -> 46197 | GO3: =+GG3+1 -> 46198 | GW3: =+GO3+1 -> 46199 | HE3: =+GW3+1 -> 46200 | HM3: =+HE3+1 -> 46201 | HU3: =+HM3+1 -> 46202 | IC3: =+HU3+1 -> 46203
C4: CUICHAPA 107 | D4: CERRADO | E4: =+E3 -> 46174 | M4: =+E4+1 -> 46175 | U4: =+M4+1 -> 46176 | AC4: =+U4+1 -> 46177 | AK4: =+AC4+1 -> 46178 | AS4: =+AK4+1 -> 46179 | BA4: =+AS4+1 -> 46180 | BI4: =+BA4+1 -> 46181 | BQ4: =+BI4+1 -> 46182 | BY4: =+BQ4+1 -> 46183 | CG4: =+BY4+1 -> 46184 | CO4: =+CG4+1 -> 46185 | CW4: =+CO4+1 -> 46186 | DE4: =+CW4+1 -> 46187 | DM4: =+DE4+1 -> 46188 | DU4: =+DM4+1 -> 46189 | EC4: =+DU4+1 -> 46190 | EK4: =+EC4+1 -> 46191 | ES4: =+EK4+1 -> 46192 | FA4: =+ES4+1 -> 46193 | FI4: =+FA4+1 -> 46194 | FQ4: =+FI4+1 -> 46195 | FY4: =+FQ4+1 -> 46196 | GG4: =+FY4+1 -> 46197 | GO4: =+GG4+1 -> 46198 | GW4: =+GO4+1 -> 46199 | HE4: =+GW4+1 -> 46200 | HM4: =+HE4+1 -> 46201 | HU4: =+HM4+1 -> 46202 | IC4: =+HU4+1 -> 46203
C5: CUICHAPA 119 | D5: CERRADO | E5: =+E4 -> 46174 | F5: 1 | M5: =+E5+1 -> 46175 | N5: 1 | U5: =+M5+1 -> 46176 | V5: 1 | AC5: =+U5+1 -> 46177 | AD5: 1 | AK5: =+AC5+1 -> 46178 | AL5: 1 | AS5: =+AK5+1 -> 46179 | AT5: 1 | BA5: =+AS5+1 -> 46180 | BB5: 1 | BI5: =+BA5+1 -> 46181 | BJ5: 1 | BQ5: =+BI5+1 -> 46182 | BR5: 1 | BY5: =+BQ5+1 -> 46183 | BZ5: 1 | CG5: =+BY5+1 -> 46184 | CH5: 1 | CO5: =+CG5+1 -> 46185 | CP5: 1 | CW5: =+CO5+1 -> 46186 | CX5: 1 | DE5: =+CW5+1 -> 46187 | DF5: 1 | DM5: =+DE5+1 -> 46188 | DN5: 1 | DU5: =+DM5+1 -> 46189 | DV5: 1 | EC5: =+DU5+1 -> 46190 | ED5: 1 | EK5: =+EC5+1 -> 46191 | EL5: 1 | ES5: =+EK5+1 -> 46192 | ET5: 1 | FA5: =+ES5+1 -> 46193 | FI5: =+FA5+1 -> 46194 | FQ5: =+FI5+1 -> 46195 | FY5: =+FQ5+1 -> 46196 | GG5: =+FY5+1 -> 46197 | GO5: =+GG5+1 -> 46198 | GW5: =+GO5+1 -> 46199 | HE5: =+GW5+1 -> 46200 | HM5: =+HE5+1 -> 46201 | HU5: =+HM5+1 -> 46202 | IC5: =+HU5+1 -> 46203
C6: CUICHAPA 124D | D6: CERRADO | E6: =+E5 -> 46174 | M6: =+E6+1 -> 46175 | U6: =+M6+1 -> 46176 | AC6: =+U6+1 -> 46177 | AK6: =+AC6+1 -> 46178 | AS6: =+AK6+1 -> 46179 | BA6: =+AS6+1 -> 46180 | BI6: =+BA6+1 -> 46181 | BQ6: =+BI6+1 -> 46182 | BY6: =+BQ6+1 -> 46183 | CG6: =+BY6+1 -> 46184 | CO6: =+CG6+1 -> 46185 | CW6: =+CO6+1 -> 46186 | DE6: =+CW6+1 -> 46187 | DM6: =+DE6+1 -> 46188 | DU6: =+DM6+1 -> 46189 | EC6: =+DU6+1 -> 46190 | EK6: =+EC6+1 -> 46191 | ES6: =+EK6+1 -> 46192 | FA6: =+ES6+1 -> 46193 | FI6: =+FA6+1 -> 46194 | FQ6: =+FI6+1 -> 46195 | FY6: =+FQ6+1 -> 46196 | GG6: =+FY6+1 -> 46197 | GO6: =+GG6+1 -> 46198 | GW6: =+GO6+1 -> 46199 | HE6: =+GW6+1 -> 46200 | HM6: =+HE6+1 -> 46201 | HU6: =+HM6+1 -> 46202 | IC6: =+HU6+1 -> 46203
C7: CUICHAPA 128 | D7: OPERANDO | E7: =+E6 -> 46174 | F7: 1 | M7: =+E7+1 -> 46175 | N7: 1 | U7: =+M7+1 -> 46176 | V7: 1 | AC7: =+U7+1 -> 46177 | AD7: 1 | AK7: =+AC7+1 -> 46178 | AL7: 1 | AS7: =+AK7+1 -> 46179 | AT7: 1 | BA7: =+AS7+1 -> 46180 | BB7: 1 | BI7: =+BA7+1 -> 46181 | BQ7: =+BI7+1 -> 46182 | BR7: 1 | BY7: =+BQ7+1 -> 46183 | BZ7: 1 | CG7: =+BY7+1 -> 46184 | CH7: 1 | CO7: =+CG7+1 -> 46185 | CP7: 1 | CW7: =+CO7+1 -> 46186 | CX7: 1 | DE7: =+CW7+1 -> 46187 | DF7: 1 | DM7: =+DE7+1 -> 46188 | DN7: 1 | DU7: =+DM7+1 -> 46189 | DV7: 1 | EC7: =+DU7+1 -> 46190 | ED7: 1 | EK7: =+EC7+1 -> 46191 | EL7: 1 | ES7: =+EK7+1 -> 46192 | ET7: 1 | FA7: =+ES7+1 -> 46193 | FI7: =+FA7+1 -> 46194 | FQ7: =+FI7+1 -> 46195 | FY7: =+FQ7+1 -> 46196 | GG7: =+FY7+1 -> 46197 | GO7: =+GG7+1 -> 46198 | GW7: =+GO7+1 -> 46199 | HE7: =+GW7+1 -> 46200 | HM7: =+HE7+1 -> 46201 | HU7: =+HM7+1 -> 46202 | IC7: =+HU7+1 -> 46203
C8: CUICHAPA 131 | D8: CERRADO | E8: =+E7 -> 46174 | F8: 1 | M8: =+E8+1 -> 46175 | N8: 1 | U8: =+M8+1 -> 46176 | V8: 2 | AC8: =+U8+1 -> 46177 | AD8: 1 | AK8: =+AC8+1 -> 46178 | AL8: 1 | AS8: =+AK8+1 -> 46179 | AT8: 1 | BA8: =+AS8+1 -> 46180 | BB8: 1 | BI8: =+BA8+1 -> 46181 | BQ8: =+BI8+1 -> 46182 | BR8: 1 | BY8: =+BQ8+1 -> 46183 | BZ8: 1 | CG8: =+BY8+1 -> 46184 | CH8: 1 | CO8: =+CG8+1 -> 46185 | CP8: 1 | CW8: =+CO8+1 -> 46186 | CX8: 1 | DE8: =+CW8+1 -> 46187 | DF8: 1 | DM8: =+DE8+1 -> 46188 | DN8: 1 | DU8: =+DM8+1 -> 46189 | DV8: 1 | EC8: =+DU8+1 -> 46190 | ED8: 1 | EK8: =+EC8+1 -> 46191 | ES8: =+EK8+1 -> 46192 | ET8: 1 | FA8: =+ES8+1 -> 46193 | FI8: =+FA8+1 -> 46194 | FQ8: =+FI8+1 -> 46195 | FY8: =+FQ8+1 -> 46196 | GG8: =+FY8+1 -> 46197 | GO8: =+GG8+1 -> 46198 | GW8: =+GO8+1 -> 46199 | HE8: =+GW8+1 -> 46200 | HM8: =+HE8+1 -> 46201 | HU8: =+HM8+1 -> 46202 | IC8: =+HU8+1 -> 46203
C9: CUICHAPA 137 | D9: CERRADO | E9: =+E8 -> 46174 | F9: 1 | G9: 1 | M9: =+E9+1 -> 46175 | N9: 2 | O9: 3 | U9: =+M9+1 -> 46176 | AC9: =+U9+1 -> 46177 | AD9: 1 | AE9: 1 | AK9: =+AC9+1 -> 46178 | AL9: 2 | AM9: 2 | AS9: =+AK9+1 -> 46179 | BA9: =+AS9+1 -> 46180 | BB9: 1 | BI9: =+BA9+1 -> 46181 | BQ9: =+BI9+1 -> 46182 | BY9: =+BQ9+1 -> 46183 | CG9: =+BY9+1 -> 46184 | CO9: =+CG9+1 -> 46185 | CW9: =+CO9+1 -> 46186 | DE9: =+CW9+1 -> 46187 | DF9: 1 | DG9: 1 | DM9: =+DE9+1 -> 46188 | DN9: 1 | DO9: 1 | DU9: =+DM9+1 -> 46189 | EC9: =+DU9+1 -> 46190 | EK9: =+EC9+1 -> 46191 | EL9: 1 | ES9: =+EK9+1 -> 46192 | EU9: 1 | FA9: =+ES9+1 -> 46193 | FI9: =+FA9+1 -> 46194 | FQ9: =+FI9+1 -> 46195 | FY9: =+FQ9+1 -> 46196 | GG9: =+FY9+1 -> 46197 | GO9: =+GG9+1 -> 46198 | GW9: =+GO9+1 -> 46199 | HE9: =+GW9+1 -> 46200 | HM9: =+HE9+1 -> 46201 | HU9: =+HM9+1 -> 46202 | IC9: =+HU9+1 -> 46203
C10: CUICHAPA 138 | D10: CERRADO | E10: =+E9 -> 46174 | M10: =+E10+1 -> 46175 | U10: =+M10+1 -> 46176 | AC10: =+U10+1 -> 46177 | AK10: =+AC10+1 -> 46178 | AS10: =+AK10+1 -> 46179 | BA10: =+AS10+1 -> 46180 | BI10: =+BA10+1 -> 46181 | BQ10: =+BI10+1 -> 46182 | BY10: =+BQ10+1 -> 46183 | CG10: =+BY10+1 -> 46184 | CO10: =+CG10+1 -> 46185 | CW10: =+CO10+1 -> 46186 | DE10: =+CW10+1 -> 46187 | DM10: =+DE10+1 -> 46188 | DU10: =+DM10+1 -> 46189 | EC10: =+DU10+1 -> 46190 | EK10: =+EC10+1 -> 46191 | ES10: =+EK10+1 -> 46192 | FA10: =+ES10+1 -> 46193 | FI10: =+FA10+1 -> 46194 | FQ10: =+FI10+1 -> 46195 | FY10: =+FQ10+1 -> 46196 | GG10: =+FY10+1 -> 46197 | GO10: =+GG10+1 -> 46198 | GW10: =+GO10+1 -> 46199 | HE10: =+GW10+1 -> 46200 | HM10: =+HE10+1 -> 46201 | HU10: =+HM10+1 -> 46202 | IC10: =+HU10+1 -> 46203
C11: CUICHAPA 139 | D11: CERRADO | E11: =+E10 -> 46174 | F11: 1 | G11: 3 | M11: =+E11+1 -> 46175 | N11: 1 | O11: 3 | U11: =+M11+1 -> 46176 | V11: 1 | W11: 2 | AC11: =+U11+1 -> 46177 | AD11: 1 | AE11: 5 | AK11: =+AC11+1 -> 46178 | AL11: 1 | AM11: 4 | AS11: =+AK11+1 -> 46179 | AT11: 1 | AU11: 3 | BA11: =+AS11+1 -> 46180 | BB11: 1 | BC11: 3 | BI11: =+BA11+1 -> 46181 | BJ11: 1 | BK11: 5 | BQ11: =+BI11+1 -> 46182 | BR11: 2 | BS11: 3 | BY11: =+BQ11+1 -> 46183 | BZ11: 1 | CA11: 3 | CG11: =+BY11+1 -> 46184 | CH11: 2 | CI11: 3 | CO11: =+CG11+1 -> 46185 | CP11: 1 | CQ11: 3 | CW11: =+CO11+1 -> 46186 | CX11: 1 | CY11: 3 | DE11: =+CW11+1 -> 46187 | DF11: 1 | DG11: 3 | DM11: =+DE11+1 -> 46188 | DN11: 1 | DO11: 2 | DU11: =+DM11+1 -> 46189 | DV11: 1 | DW11: 2 | EC11: =+DU11+1 -> 46190 | ED11: 1 | EE11: 2 | EK11: =+EC11+1 -> 46191 | EL11: 1 | EM11: 3 | ES11: =+EK11+1 -> 46192 | ET11: 1 | EU11: 2 | FA11: =+ES11+1 -> 46193 | FI11: =+FA11+1 -> 46194 | FQ11: =+FI11+1 -> 46195 | FY11: =+FQ11+1 -> 46196 | GG11: =+FY11+1 -> 46197 | GO11: =+GG11+1 -> 46198 | GW11: =+GO11+1 -> 46199 | HE11: =+GW11+1 -> 46200 | HM11: =+HE11+1 -> 46201 | HU11: =+HM11+1 -> 46202 | IC11: =+HU11+1 -> 46203
C12: CUICHAPA 167 | D12: OPERANDO | E12: =+E11 -> 46174 | F12: 1 | M12: =+E12+1 -> 46175 | N12: 1 | U12: =+M12+1 -> 46176 | V12: 1 | AC12: =+U12+1 -> 46177 | AD12: 1 | AK12: =+AC12+1 -> 46178 | AL12: 1 | AS12: =+AK12+1 -> 46179 | AT12: 1 | BA12: =+AS12+1 -> 46180 | BB12: 1 | BI12: =+BA12+1 -> 46181 | BJ12: 1 | BQ12: =+BI12+1 -> 46182 | BR12: 1 | BY12: =+BQ12+1 -> 46183 | BZ12: 1 | CG12: =+BY12+1 -> 46184 | CH12: 1 | CO12: =+CG12+1 -> 46185 | CP12: 1 | CW12: =+CO12+1 -> 46186 | CX12: 1 | DE12: =+CW12+1 -> 46187 | DF12: 1 | DM12: =+DE12+1 -> 46188 | DU12: =+DM12+1 -> 46189 | EC12: =+DU12+1 -> 46190 | EK12: =+EC12+1 -> 46191 | ES12: =+EK12+1 -> 46192 | FA12: =+ES12+1 -> 46193 | FI12: =+FA12+1 -> 46194 | FQ12: =+FI12+1 -> 46195 | FY12: =+FQ12+1 -> 46196 | GG12: =+FY12+1 -> 46197 | GO12: =+GG12+1 -> 46198 | GW12: =+GO12+1 -> 46199 | HE12: =+GW12+1 -> 46200 | HM12: =+HE12+1 -> 46201 | HU12: =+HM12+1 -> 46202 | IC12: =+HU12+1 -> 46203
C13: CUICHAPA 169 | D13: CERRADO | E13: =+E12 -> 46174 | M13: =+E13+1 -> 46175 | U13: =+M13+1 -> 46176 | AC13: =+U13+1 -> 46177 | AK13: =+AC13+1 -> 46178 | AS13: =+AK13+1 -> 46179 | BA13: =+AS13+1 -> 46180 | BI13: =+BA13+1 -> 46181 | BQ13: =+BI13+1 -> 46182 | BY13: =+BQ13+1 -> 46183 | CG13: =+BY13+1 -> 46184 | CO13: =+CG13+1 -> 46185 | CW13: =+CO13+1 -> 46186 | DE13: =+CW13+1 -> 46187 | DM13: =+DE13+1 -> 46188 | DU13: =+DM13+1 -> 46189 | EC13: =+DU13+1 -> 46190 | EK13: =+EC13+1 -> 46191 | ES13: =+EK13+1 -> 46192 | FA13: =+ES13+1 -> 46193 | FI13: =+FA13+1 -> 46194 | FQ13: =+FI13+1 -> 46195 | FY13: =+FQ13+1 -> 46196 | GG13: =+FY13+1 -> 46197 | GO13: =+GG13+1 -> 46198 | GW13: =+GO13+1 -> 46199 | HE13: =+GW13+1 -> 46200 | HM13: =+HE13+1 -> 46201 | HU13: =+HM13+1 -> 46202 | IC13: =+HU13+1 -> 46203
C14: CUICHAPA 172 | D14: OPERANDO | E14: =+E13 -> 46174 | F14: 1 | G14: 3 | M14: =+E14+1 -> 46175 | N14: 1 | O14: 1 | U14: =+M14+1 -> 46176 | W14: 1 | AC14: =+U14+1 -> 46177 | AD14: 1 | AE14: 3 | AK14: =+AC14+1 -> 46178 | AL14: 1 | AM14: 3 | AS14: =+AK14+1 -> 46179 | AU14: 4 | BA14: =+AS14+1 -> 46180 | BB14: 1 | BC14: 3 | BI14: =+BA14+1 -> 46181 | BJ14: 1 | BK14: 5 | BQ14: =+BI14+1 -> 46182 | BS14: 4 | BY14: =+BQ14+1 -> 46183 | CA14: 4 | CG14: =+BY14+1 -> 46184 | CI14: 4 | CO14: =+CG14+1 -> 46185 | CQ14: 2 | CW14: =+CO14+1 -> 46186 | CX14: 1 | CY14: 3 | DE14: =+CW14+1 -> 46187 | DF14: 1 | DG14: 4 | DM14: =+DE14+1 -> 46188 | DO14: 1 | DU14: =+DM14+1 -> 46189 | DW14: 1 | EC14: =+DU14+1 -> 46190 | EE14: 1 | EK14: =+EC14+1 -> 46191 | EM14: 1 | ES14: =+EK14+1 -> 46192 | EU14: 1 | FA14: =+ES14+1 -> 46193 | FI14: =+FA14+1 -> 46194 | FQ14: =+FI14+1 -> 46195 | FY14: =+FQ14+1 -> 46196 | GG14: =+FY14+1 -> 46197 | GO14: =+GG14+1 -> 46198 | GW14: =+GO14+1 -> 46199 | HE14: =+GW14+1 -> 46200 | HM14: =+HE14+1 -> 46201 | HU14: =+HM14+1 -> 46202 | IC14: =+HU14+1 -> 46203
C15: CUICHAPA 176 | D15: CERRADO | E15: =+E14 -> 46174 | M15: =+E15+1 -> 46175 | U15: =+M15+1 -> 46176 | AC15: =+U15+1 -> 46177 | AK15: =+AC15+1 -> 46178 | AS15: =+AK15+1 -> 46179 | BA15: =+AS15+1 -> 46180 | BI15: =+BA15+1 -> 46181 | BQ15: =+BI15+1 -> 46182 | BY15: =+BQ15+1 -> 46183 | CG15: =+BY15+1 -> 46184 | CO15: =+CG15+1 -> 46185 | CW15: =+CO15+1 -> 46186 | DE15: =+CW15+1 -> 46187 | DM15: =+DE15+1 -> 46188 | DU15: =+DM15+1 -> 46189 | EC15: =+DU15+1 -> 46190 | EK15: =+EC15+1 -> 46191 | ES15: =+EK15+1 -> 46192 | FA15: =+ES15+1 -> 46193 | FI15: =+FA15+1 -> 46194 | FQ15: =+FI15+1 -> 46195 | FY15: =+FQ15+1 -> 46196 | GG15: =+FY15+1 -> 46197 | GO15: =+GG15+1 -> 46198 | GW15: =+GO15+1 -> 46199 | HE15: =+GW15+1 -> 46200 | HM15: =+HE15+1 -> 46201 | HU15: =+HM15+1 -> 46202 | IC15: =+HU15+1 -> 46203
C16: CUICHAPA 179 | D16: OPERANDO | E16: =+E15 -> 46174 | F16: 1 | G16: 3 | M16: =+E16+1 -> 46175 | N16: 1 | O16: 3 | U16: =+M16+1 -> 46176 | W16: 2 | AC16: =+U16+1 -> 46177 | AD16: 1 | AE16: 3 | AK16: =+AC16+1 -> 46178 | AL16: 1 | AM16: 3 | AS16: =+AK16+1 -> 46179 | AT16: 1 | AU16: 3 | BA16: =+AS16+1 -> 46180 | BB16: 1 | BC16: 3 | BI16: =+BA16+1 -> 46181 | BK16: 2 | BQ16: =+BI16+1 -> 46182 | BR16: 1 | BS16: 3 | BY16: =+BQ16+1 -> 46183 | BZ16: 1 | CA16: 3 | CG16: =+BY16+1 -> 46184 | CH16: 1 | CI16: 3 | CO16: =+CG16+1 -> 46185 | CP16: 1 | CQ16: 3 | CW16: =+CO16+1 -> 46186 | CX16: 1 | CY16: 3 | DE16: =+CW16+1 -> 46187 | DF16: 1 | DG16: 3 | DM16: =+DE16+1 -> 46188 | DN16: 1 | DO16: 2 | DU16: =+DM16+1 -> 46189 | DW16: 2 | EC16: =+DU16+1 -> 46190 | ED16: 1 | EE16: 2 | EK16: =+EC16+1 -> 46191 | EL16: 1 | EM16: 2 | ES16: =+EK16+1 -> 46192 | ET16: 1 | EU16: 2 | FA16: =+ES16+1 -> 46193 | FI16: =+FA16+1 -> 46194 | FQ16: =+FI16+1 -> 46195 | FY16: =+FQ16+1 -> 46196 | GG16: =+FY16+1 -> 46197 | GO16: =+GG16+1 -> 46198 | GW16: =+GO16+1 -> 46199 | HE16: =+GW16+1 -> 46200 | HM16: =+HE16+1 -> 46201 | HU16: =+HM16+1 -> 46202 | IC16: =+HU16+1 -> 46203
C17: CUICHAPA 180 | D17: CERRADO | E17: =+E16 -> 46174 | M17: =+E17+1 -> 46175 | U17: =+M17+1 -> 46176 | AC17: =+U17+1 -> 46177 | AK17: =+AC17+1 -> 46178 | AS17: =+AK17+1 -> 46179 | BA17: =+AS17+1 -> 46180 | BI17: =+BA17+1 -> 46181 | BQ17: =+BI17+1 -> 46182 | BY17: =+BQ17+1 -> 46183 | CG17: =+BY17+1 -> 46184 | CO17: =+CG17+1 -> 46185 | CW17: =+CO17+1 -> 46186 | DE17: =+CW17+1 -> 46187 | DM17: =+DE17+1 -> 46188 | DU17: =+DM17+1 -> 46189 | EC17: =+DU17+1 -> 46190 | EK17: =+EC17+1 -> 46191 | ES17: =+EK17+1 -> 46192 | FA17: =+ES17+1 -> 46193 | FI17: =+FA17+1 -> 46194 | FQ17: =+FI17+1 -> 46195 | FY17: =+FQ17+1 -> 46196 | GG17: =+FY17+1 -> 46197 | GO17: =+GG17+1 -> 46198 | GW17: =+GO17+1 -> 46199 | HE17: =+GW17+1 -> 46200 | HM17: =+HE17+1 -> 46201 | HU17: =+HM17+1 -> 46202 | IC17: =+HU17+1 -> 46203
C18: CUICHAPA 187 | D18: CERRADO | E18: =+E17 -> 46174 | F18: 1 | M18: =+E18+1 -> 46175 | N18: 1 | U18: =+M18+1 -> 46176 | V18: 1 | AC18: =+U18+1 -> 46177 | AK18: =+AC18+1 -> 46178 | AL18: 1 | AS18: =+AK18+1 -> 46179 | AT18: 1 | BA18: =+AS18+1 -> 46180 | BB18: 1 | BI18: =+BA18+1 -> 46181 | BJ18: 1 | BQ18: =+BI18+1 -> 46182 | BR18: 1 | BY18: =+BQ18+1 -> 46183 | BZ18: 1 | CG18: =+BY18+1 -> 46184 | CH18: 1 | CO18: =+CG18+1 -> 46185 | CW18: =+CO18+1 -> 46186 | CX18: 1 | DE18: =+CW18+1 -> 46187 | DF18: 1 | DM18: =+DE18+1 -> 46188 | DU18: =+DM18+1 -> 46189 | EC18: =+DU18+1 -> 46190 | EK18: =+EC18+1 -> 46191 | ES18: =+EK18+1 -> 46192 | FA18: =+ES18+1 -> 46193 | FI18: =+FA18+1 -> 46194 | FQ18: =+FI18+1 -> 46195 | FY18: =+FQ18+1 -> 46196 | GG18: =+FY18+1 -> 46197 | GO18: =+GG18+1 -> 46198 | GW18: =+GO18+1 -> 46199 | HE18: =+GW18+1 -> 46200 | HM18: =+HE18+1 -> 46201 | HU18: =+HM18+1 -> 46202 | IC18: =+HU18+1 -> 46203
C19: CUICHAPA 19 | D19: CERRADO | E19: =+E18 -> 46174 | M19: =+E19+1 -> 46175 | U19: =+M19+1 -> 46176 | AC19: =+U19+1 -> 46177 | AK19: =+AC19+1 -> 46178 | AS19: =+AK19+1 -> 46179 | BA19: =+AS19+1 -> 46180 | BB19: 1 | BI19: =+BA19+1 -> 46181 | BQ19: =+BI19+1 -> 46182 | BY19: =+BQ19+1 -> 46183 | CG19: =+BY19+1 -> 46184 | CO19: =+CG19+1 -> 46185 | CP19: 1 | CW19: =+CO19+1 -> 46186 | CX19: 1 | DE19: =+CW19+1 -> 46187 | DM19: =+DE19+1 -> 46188 | DN19: 1 | DU19: =+DM19+1 -> 46189 | EC19: =+DU19+1 -> 46190 | ED19: 1 | EK19: =+EC19+1 -> 46191 | EL19: 1 | ES19: =+EK19+1 -> 46192 | ET19: 1 | FA19: =+ES19+1 -> 46193 | FI19: =+FA19+1 -> 46194 | FQ19: =+FI19+1 -> 46195 | FY19: =+FQ19+1 -> 46196 | GG19: =+FY19+1 -> 46197 | GO19: =+GG19+1 -> 46198 | GW19: =+GO19+1 -> 46199 | HE19: =+GW19+1 -> 46200 | HM19: =+HE19+1 -> 46201 | HU19: =+HM19+1 -> 46202 | IC19: =+HU19+1 -> 46203
C20: CUICHAPA 191 | D20: OPERANDO | E20: =+E19 -> 46174 | F20: 1 | M20: =+E20+1 -> 46175 | N20: 1 | U20: =+M20+1 -> 46176 | V20: 1 | AC20: =+U20+1 -> 46177 | AD20: 1 | AK20: =+AC20+1 -> 46178 | AL20: 1 | AS20: =+AK20+1 -> 46179 | AT20: 1 | BA20: =+AS20+1 -> 46180 | BB20: 1 | BI20: =+BA20+1 -> 46181 | BJ20: 1 | BQ20: =+BI20+1 -> 46182 | BR20: 1 | BY20: =+BQ20+1 -> 46183 | BZ20: 1 | CG20: =+BY20+1 -> 46184 | CH20: 1 | CO20: =+CG20+1 -> 46185 | CW20: =+CO20+1 -> 46186 | CX20: 1 | DE20: =+CW20+1 -> 46187 | DF20: 1 | DM20: =+DE20+1 -> 46188 | DU20: =+DM20+1 -> 46189 | EC20: =+DU20+1 -> 46190 | EK20: =+EC20+1 -> 46191 | ES20: =+EK20+1 -> 46192 | FA20: =+ES20+1 -> 46193 | FI20: =+FA20+1 -> 46194 | FQ20: =+FI20+1 -> 46195 | FY20: =+FQ20+1 -> 46196 | GG20: =+FY20+1 -> 46197 | GO20: =+GG20+1 -> 46198 | GW20: =+GO20+1 -> 46199 | HE20: =+GW20+1 -> 46200 | HM20: =+HE20+1 -> 46201 | HU20: =+HM20+1 -> 46202 | IC20: =+HU20+1 -> 46203
C21: CUICHAPA 201 | D21: CERRADO | E21: =+E20 -> 46174 | M21: =+E21+1 -> 46175 | N21: 1 | U21: =+M21+1 -> 46176 | AC21: =+U21+1 -> 46177 | AK21: =+AC21+1 -> 46178 | AM21: 6 | AS21: =+AK21+1 -> 46179 | BA21: =+AS21+1 -> 46180 | BI21: =+BA21+1 -> 46181 | BQ21: =+BI21+1 -> 46182 | BY21: =+BQ21+1 -> 46183 | CG21: =+BY21+1 -> 46184 | CO21: =+CG21+1 -> 46185 | CW21: =+CO21+1 -> 46186 | DE21: =+CW21+1 -> 46187 | DM21: =+DE21+1 -> 46188 | DU21: =+DM21+1 -> 46189 | EC21: =+DU21+1 -> 46190 | EK21: =+EC21+1 -> 46191 | ES21: =+EK21+1 -> 46192 | FA21: =+ES21+1 -> 46193 | FI21: =+FA21+1 -> 46194 | FQ21: =+FI21+1 -> 46195 | FY21: =+FQ21+1 -> 46196 | GG21: =+FY21+1 -> 46197 | GO21: =+GG21+1 -> 46198 | GW21: =+GO21+1 -> 46199 | HE21: =+GW21+1 -> 46200 | HM21: =+HE21+1 -> 46201 | HU21: =+HM21+1 -> 46202 | IC21: =+HU21+1 -> 46203
C22: CUICHAPA 207 | D22: CERRADO | E22: =+E21 -> 46174 | M22: =+E22+1 -> 46175 | U22: =+M22+1 -> 46176 | AC22: =+U22+1 -> 46177 | AK22: =+AC22+1 -> 46178 | AS22: =+AK22+1 -> 46179 | BA22: =+AS22+1 -> 46180 | BI22: =+BA22+1 -> 46181 | BQ22: =+BI22+1 -> 46182 | BY22: =+BQ22+1 -> 46183 | CG22: =+BY22+1 -> 46184 | CO22: =+CG22+1 -> 46185 | CW22: =+CO22+1 -> 46186 | DE22: =+CW22+1 -> 46187 | DM22: =+DE22+1 -> 46188 | DU22: =+DM22+1 -> 46189 | EC22: =+DU22+1 -> 46190 | EK22: =+EC22+1 -> 46191 | ES22: =+EK22+1 -> 46192 | FA22: =+ES22+1 -> 46193 | FI22: =+FA22+1 -> 46194 | FQ22: =+FI22+1 -> 46195 | FY22: =+FQ22+1 -> 46196 | GG22: =+FY22+1 -> 46197 | GO22: =+GG22+1 -> 46198 | GW22: =+GO22+1 -> 46199 | HE22: =+GW22+1 -> 46200 | HM22: =+HE22+1 -> 46201 | HU22: =+HM22+1 -> 46202 | IC22: =+HU22+1 -> 46203
C23: CUICHAPA 213 | D23: OPERANDO | E23: =+E22 -> 46174 | F23: 1 | M23: =+E23+1 -> 46175 | N23: 1 | U23: =+M23+1 -> 46176 | AC23: =+U23+1 -> 46177 | AD23: 1 | AK23: =+AC23+1 -> 46178 | AS23: =+AK23+1 -> 46179 | BA23: =+AS23+1 -> 46180 | BB23: 1 | BI23: =+BA23+1 -> 46181 | BQ23: =+BI23+1 -> 46182 | BY23: =+BQ23+1 -> 46183 | BZ23: 1 | CG23: =+BY23+1 -> 46184 | CH23: 1 | CO23: =+CG23+1 -> 46185 | CW23: =+CO23+1 -> 46186 | CX23: 1 | DE23: =+CW23+1 -> 46187 | DF23: 1 | DM23: =+DE23+1 -> 46188 | DU23: =+DM23+1 -> 46189 | EC23: =+DU23+1 -> 46190 | EK23: =+EC23+1 -> 46191 | ES23: =+EK23+1 -> 46192 | FA23: =+ES23+1 -> 46193 | FI23: =+FA23+1 -> 46194 | FQ23: =+FI23+1 -> 46195 | FY23: =+FQ23+1 -> 46196 | GG23: =+FY23+1 -> 46197 | GO23: =+GG23+1 -> 46198 | GW23: =+GO23+1 -> 46199 | HE23: =+GW23+1 -> 46200 | HM23: =+HE23+1 -> 46201 | HU23: =+HM23+1 -> 46202 | IC23: =+HU23+1 -> 46203
C24: CUICHAPA 306 | D24: CERRADO | E24: =+E23 -> 46174 | M24: =+E24+1 -> 46175 | U24: =+M24+1 -> 46176 | AC24: =+U24+1 -> 46177 | AK24: =+AC24+1 -> 46178 | AS24: =+AK24+1 -> 46179 | BA24: =+AS24+1 -> 46180 | BI24: =+BA24+1 -> 46181 | BQ24: =+BI24+1 -> 46182 | BY24: =+BQ24+1 -> 46183 | CG24: =+BY24+1 -> 46184 | CO24: =+CG24+1 -> 46185 | CW24: =+CO24+1 -> 46186 | DE24: =+CW24+1 -> 46187 | DM24: =+DE24+1 -> 46188 | DU24: =+DM24+1 -> 46189 | EC24: =+DU24+1 -> 46190 | EK24: =+EC24+1 -> 46191 | ES24: =+EK24+1 -> 46192 | FA24: =+ES24+1 -> 46193 | FI24: =+FA24+1 -> 46194 | FQ24: =+FI24+1 -> 46195 | FY24: =+FQ24+1 -> 46196 | GG24: =+FY24+1 -> 46197 | GO24: =+GG24+1 -> 46198 | GW24: =+GO24+1 -> 46199 | HE24: =+GW24+1 -> 46200 | HM24: =+HE24+1 -> 46201 | HU24: =+HM24+1 -> 46202 | IC24: =+HU24+1 -> 46203
C25: CUICHAPA 324 | D25: CERRADO | E25: =+E24 -> 46174 | M25: =+E25+1 -> 46175 | U25: =+M25+1 -> 46176 | AC25: =+U25+1 -> 46177 | AK25: =+AC25+1 -> 46178 | AL25: 1 | AS25: =+AK25+1 -> 46179 | BA25: =+AS25+1 -> 46180 | BI25: =+BA25+1 -> 46181 | BQ25: =+BI25+1 -> 46182 | BY25: =+BQ25+1 -> 46183 | BZ25: 1 | CG25: =+BY25+1 -> 46184 | CH25: 1 | CO25: =+CG25+1 -> 46185 | CP25: 1 | CW25: =+CO25+1 -> 46186 | CX25: 1 | DE25: =+CW25+1 -> 46187 | DF25: 1 | DM25: =+DE25+1 -> 46188 | DN25: 1 | DU25: =+DM25+1 -> 46189 | DV25: 1 | EC25: =+DU25+1 -> 46190 | ED25: 1 | EK25: =+EC25+1 -> 46191 | EL25: 1 | ES25: =+EK25+1 -> 46192 | ET25: 1 | FA25: =+ES25+1 -> 46193 | FI25: =+FA25+1 -> 46194 | FQ25: =+FI25+1 -> 46195 | FY25: =+FQ25+1 -> 46196 | GG25: =+FY25+1 -> 46197 | GO25: =+GG25+1 -> 46198 | GW25: =+GO25+1 -> 46199 | HE25: =+GW25+1 -> 46200 | HM25: =+HE25+1 -> 46201 | HU25: =+HM25+1 -> 46202 | IC25: =+HU25+1 -> 46203
C26: CUICHAPA 326 | D26: OPERANDO | E26: =+E25 -> 46174 | F26: 1 | M26: =+E26+1 -> 46175 | N26: 1 | U26: =+M26+1 -> 46176 | V26: 1 | AC26: =+U26+1 -> 46177 | AD26: 1 | AK26: =+AC26+1 -> 46178 | AL26: 1 | AS26: =+AK26+1 -> 46179 | AT26: 1 | BA26: =+AS26+1 -> 46180 | BI26: =+BA26+1 -> 46181 | BJ26: 1 | BQ26: =+BI26+1 -> 46182 | BY26: =+BQ26+1 -> 46183 | BZ26: 1 | CG26: =+BY26+1 -> 46184 | CH26: 1 | CO26: =+CG26+1 -> 46185 | CP26: 1 | CW26: =+CO26+1 -> 46186 | CX26: 1 | DE26: =+CW26+1 -> 46187 | DF26: 1 | DM26: =+DE26+1 -> 46188 | DN26: 1 | DU26: =+DM26+1 -> 46189 | DV26: 1 | EC26: =+DU26+1 -> 46190 | ED26: 1 | EK26: =+EC26+1 -> 46191 | EL26: 1 | ES26: =+EK26+1 -> 46192 | EU26: 1 | FA26: =+ES26+1 -> 46193 | FI26: =+FA26+1 -> 46194 | FQ26: =+FI26+1 -> 46195 | FY26: =+FQ26+1 -> 46196 | GG26: =+FY26+1 -> 46197 | GO26: =+GG26+1 -> 46198 | GW26: =+GO26+1 -> 46199 | HE26: =+GW26+1 -> 46200 | HM26: =+HE26+1 -> 46201 | HU26: =+HM26+1 -> 46202 | IC26: =+HU26+1 -> 46203
C27: CUICHAPA 327 | D27: OPERANDO | E27: =+E26 -> 46174 | F27: 1 | M27: =+E27+1 -> 46175 | N27: 1 | U27: =+M27+1 -> 46176 | AC27: =+U27+1 -> 46177 | AD27: 1 | AK27: =+AC27+1 -> 46178 | AL27: 1 | AS27: =+AK27+1 -> 46179 | AT27: 1 | BA27: =+AS27+1 -> 46180 | BB27: 1 | BI27: =+BA27+1 -> 46181 | BJ27: 1 | BQ27: =+BI27+1 -> 46182 | BY27: =+BQ27+1 -> 46183 | BZ27: 1 | CG27: =+BY27+1 -> 46184 | CH27: 1 | CO27: =+CG27+1 -> 46185 | CP27: 1 | CW27: =+CO27+1 -> 46186 | CX27: 1 | DE27: =+CW27+1 -> 46187 | DF27: 1 | DM27: =+DE27+1 -> 46188 | DN27: 1 | DU27: =+DM27+1 -> 46189 | DV27: 1 | EC27: =+DU27+1 -> 46190 | ED27: 1 | EK27: =+EC27+1 -> 46191 | EL27: 1 | ES27: =+EK27+1 -> 46192 | FA27: =+ES27+1 -> 46193 | FI27: =+FA27+1 -> 46194 | FQ27: =+FI27+1 -> 46195 | FY27: =+FQ27+1 -> 46196 | GG27: =+FY27+1 -> 46197 | GO27: =+GG27+1 -> 46198 | GW27: =+GO27+1 -> 46199 | HE27: =+GW27+1 -> 46200 | HM27: =+HE27+1 -> 46201 | HU27: =+HM27+1 -> 46202 | IC27: =+HU27+1 -> 46203
C28: CUICHAPA 328 | D28: CERRADO | E28: =+E27 -> 46174 | F28: 2 | M28: =+E28+1 -> 46175 | N28: 1 | U28: =+M28+1 -> 46176 | V28: 2 | AC28: =+U28+1 -> 46177 | AD28: 1 | AK28: =+AC28+1 -> 46178 | AL28: 1 | AS28: =+AK28+1 -> 46179 | AT28: 1 | BA28: =+AS28+1 -> 46180 | BB28: 1 | BI28: =+BA28+1 -> 46181 | BQ28: =+BI28+1 -> 46182 | BR28: 4 | BY28: =+BQ28+1 -> 46183 | BZ28: 1 | CG28: =+BY28+1 -> 46184 | CH28: 2 | CO28: =+CG28+1 -> 46185 | CP28: 1 | CW28: =+CO28+1 -> 46186 | CX28: 1 | DE28: =+CW28+1 -> 46187 | DF28: 1 | DM28: =+DE28+1 -> 46188 | DN28: 1 | DU28: =+DM28+1 -> 46189 | DV28: 1 | EC28: =+DU28+1 -> 46190 | ED28: 1 | EK28: =+EC28+1 -> 46191 | EL28: 1 | ES28: =+EK28+1 -> 46192 | ET28: 1 | FA28: =+ES28+1 -> 46193 | FI28: =+FA28+1 -> 46194 | FQ28: =+FI28+1 -> 46195 | FY28: =+FQ28+1 -> 46196 | GG28: =+FY28+1 -> 46197 | GO28: =+GG28+1 -> 46198 | GW28: =+GO28+1 -> 46199 | HE28: =+GW28+1 -> 46200 | HM28: =+HE28+1 -> 46201 | HU28: =+HM28+1 -> 46202 | IC28: =+HU28+1 -> 46203
C29: CUICHAPA 331 | D29: CERRADO | E29: =+E28 -> 46174 | M29: =+E29+1 -> 46175 | U29: =+M29+1 -> 46176 | AC29: =+U29+1 -> 46177 | AK29: =+AC29+1 -> 46178 | AS29: =+AK29+1 -> 46179 | BA29: =+AS29+1 -> 46180 | BI29: =+BA29+1 -> 46181 | BQ29: =+BI29+1 -> 46182 | BY29: =+BQ29+1 -> 46183 | CG29: =+BY29+1 -> 46184 | CO29: =+CG29+1 -> 46185 | CW29: =+CO29+1 -> 46186 | DE29: =+CW29+1 -> 46187 | DM29: =+DE29+1 -> 46188 | DU29: =+DM29+1 -> 46189 | EC29: =+DU29+1 -> 46190 | EK29: =+EC29+1 -> 46191 | ES29: =+EK29+1 -> 46192 | FA29: =+ES29+1 -> 46193 | FI29: =+FA29+1 -> 46194 | FQ29: =+FI29+1 -> 46195 | FY29: =+FQ29+1 -> 46196 | GG29: =+FY29+1 -> 46197 | GO29: =+GG29+1 -> 46198 | GW29: =+GO29+1 -> 46199 | HE29: =+GW29+1 -> 46200 | HM29: =+HE29+1 -> 46201 | HU29: =+HM29+1 -> 46202 | IC29: =+HU29+1 -> 46203
C30: CUICHAPA 342 | D30: OPERANDO | E30: =+E29 -> 46174 | F30: 1 | M30: =+E30+1 -> 46175 | N30: 2 | U30: =+M30+1 -> 46176 | AC30: =+U30+1 -> 46177 | AD30: 1 | AK30: =+AC30+1 -> 46178 | AL30: 1 | AS30: =+AK30+1 -> 46179 | AT30: 1 | BA30: =+AS30+1 -> 46180 | BB30: 1 | BI30: =+BA30+1 -> 46181 | BJ30: 1 | BQ30: =+BI30+1 -> 46182 | BR30: 1 | BY30: =+BQ30+1 -> 46183 | BZ30: 1 | CG30: =+BY30+1 -> 46184 | CO30: =+CG30+1 -> 46185 | CW30: =+CO30+1 -> 46186 | CX30: 1 | DE30: =+CW30+1 -> 46187 | DF30: 1 | DM30: =+DE30+1 -> 46188 | DU30: =+DM30+1 -> 46189 | EC30: =+DU30+1 -> 46190 | EK30: =+EC30+1 -> 46191 | ES30: =+EK30+1 -> 46192 | FA30: =+ES30+1 -> 46193 | FI30: =+FA30+1 -> 46194 | FQ30: =+FI30+1 -> 46195 | FY30: =+FQ30+1 -> 46196 | GG30: =+FY30+1 -> 46197 | GO30: =+GG30+1 -> 46198 | GW30: =+GO30+1 -> 46199 | HE30: =+GW30+1 -> 46200 | HM30: =+HE30+1 -> 46201 | HU30: =+HM30+1 -> 46202 | IC30: =+HU30+1 -> 46203
C31: CUICHAPA 343 | D31: CERRADO | E31: =+E30 -> 46174 | M31: =+E31+1 -> 46175 | U31: =+M31+1 -> 46176 | AC31: =+U31+1 -> 46177 | AK31: =+AC31+1 -> 46178 | AS31: =+AK31+1 -> 46179 | BA31: =+AS31+1 -> 46180 | BI31: =+BA31+1 -> 46181 | BQ31: =+BI31+1 -> 46182 | BY31: =+BQ31+1 -> 46183 | CG31: =+BY31+1 -> 46184 | CO31: =+CG31+1 -> 46185 | CW31: =+CO31+1 -> 46186 | DE31: =+CW31+1 -> 46187 | DM31: =+DE31+1 -> 46188 | DU31: =+DM31+1 -> 46189 | EC31: =+DU31+1 -> 46190 | EK31: =+EC31+1 -> 46191 | ES31: =+EK31+1 -> 46192 | FA31: =+ES31+1 -> 46193 | FI31: =+FA31+1 -> 46194 | FQ31: =+FI31+1 -> 46195 | FY31: =+FQ31+1 -> 46196 | GG31: =+FY31+1 -> 46197 | GO31: =+GG31+1 -> 46198 | GW31: =+GO31+1 -> 46199 | HE31: =+GW31+1 -> 46200 | HM31: =+HE31+1 -> 46201 | HU31: =+HM31+1 -> 46202 | IC31: =+HU31+1 -> 46203
C32: CUICHAPA 346 | D32: OPERANDO | E32: =+E31 -> 46174 | F32: 1 | M32: =+E32+1 -> 46175 | N32: 1 | U32: =+M32+1 -> 46176 | AC32: =+U32+1 -> 46177 | AD32: 1 | AK32: =+AC32+1 -> 46178 | AL32: 1 | AS32: =+AK32+1 -> 46179 | AT32: 1 | BA32: =+AS32+1 -> 46180 | BB32: 1 | BI32: =+BA32+1 -> 46181 | BJ32: 1 | BQ32: =+BI32+1 -> 46182 | BR32: 1 | BY32: =+BQ32+1 -> 46183 | BZ32: 1 | CG32: =+BY32+1 -> 46184 | CO32: =+CG32+1 -> 46185 | CP32: 1 | CW32: =+CO32+1 -> 46186 | DE32: =+CW32+1 -> 46187 | DF32: 1 | DM32: =+DE32+1 -> 46188 | DU32: =+DM32+1 -> 46189 | EC32: =+DU32+1 -> 46190 | EK32: =+EC32+1 -> 46191 | ES32: =+EK32+1 -> 46192 | FA32: =+ES32+1 -> 46193 | FI32: =+FA32+1 -> 46194 | FQ32: =+FI32+1 -> 46195 | FY32: =+FQ32+1 -> 46196 | GG32: =+FY32+1 -> 46197 | GO32: =+GG32+1 -> 46198 | GW32: =+GO32+1 -> 46199 | HE32: =+GW32+1 -> 46200 | HM32: =+HE32+1 -> 46201 | HU32: =+HM32+1 -> 46202 | IC32: =+HU32+1 -> 46203
C33: CUICHAPA 350 | D33: OPERANDO | E33: =+E32 -> 46174 | F33: 1 | M33: =+E33+1 -> 46175 | N33: 1 | U33: =+M33+1 -> 46176 | AC33: =+U33+1 -> 46177 | AK33: =+AC33+1 -> 46178 | AL33: 1 | AS33: =+AK33+1 -> 46179 | AT33: 1 | BA33: =+AS33+1 -> 46180 | BI33: =+BA33+1 -> 46181 | BJ33: 1 | BQ33: =+BI33+1 -> 46182 | BR33: 1 | BY33: =+BQ33+1 -> 46183 | BZ33: 1 | CG33: =+BY33+1 -> 46184 | CH33: 1 | CO33: =+CG33+1 -> 46185 | CP33: 1 | CW33: =+CO33+1 -> 46186 | CX33: 1 | DE33: =+CW33+1 -> 46187 | DF33: 1 | DM33: =+DE33+1 -> 46188 | DU33: =+DM33+1 -> 46189 | EC33: =+DU33+1 -> 46190 | EK33: =+EC33+1 -> 46191 | ES33: =+EK33+1 -> 46192 | FA33: =+ES33+1 -> 46193 | FI33: =+FA33+1 -> 46194 | FQ33: =+FI33+1 -> 46195 | FY33: =+FQ33+1 -> 46196 | GG33: =+FY33+1 -> 46197 | GO33: =+GG33+1 -> 46198 | GW33: =+GO33+1 -> 46199 | HE33: =+GW33+1 -> 46200 | HM33: =+HE33+1 -> 46201 | HU33: =+HM33+1 -> 46202 | IC33: =+HU33+1 -> 46203
C34: CUICHAPA 352 | D34: CERRADO | E34: =+E33 -> 46174 | F34: 1 | G34: 3 | M34: =+E34+1 -> 46175 | N34: 1 | O34: 2 | U34: =+M34+1 -> 46176 | V34: 1 | W34: 2 | AC34: =+U34+1 -> 46177 | AD34: 1 | AE34: 4 | AK34: =+AC34+1 -> 46178 | AL34: 1 | AM34: 3 | AS34: =+AK34+1 -> 46179 | AT34: 2 | AU34: 3 | BA34: =+AS34+1 -> 46180 | BI34: =+BA34+1 -> 46181 | BQ34: =+BI34+1 -> 46182 | BR34: 2 | BS34: 4 | BY34: =+BQ34+1 -> 46183 | BZ34: 1 | CA34: 3 | CG34: =+BY34+1 -> 46184 | CH34: 1 | CI34: 3 | CO34: =+CG34+1 -> 46185 | CQ34: 2 | CW34: =+CO34+1 -> 46186 | CX34: 1 | CY34: 3 | DE34: =+CW34+1 -> 46187 | DF34: 1 | DG34: 3 | DM34: =+DE34+1 -> 46188 | DO34: 1 | DU34: =+DM34+1 -> 46189 | DW34: 1 | EC34: =+DU34+1 -> 46190 | EE34: 1 | EK34: =+EC34+1 -> 46191 | EM34: 1 | ES34: =+EK34+1 -> 46192 | EU34: 1 | FA34: =+ES34+1 -> 46193 | FI34: =+FA34+1 -> 46194 | FQ34: =+FI34+1 -> 46195 | FY34: =+FQ34+1 -> 46196 | GG34: =+FY34+1 -> 46197 | GO34: =+GG34+1 -> 46198 | GW34: =+GO34+1 -> 46199 | HE34: =+GW34+1 -> 46200 | HM34: =+HE34+1 -> 46201 | HU34: =+HM34+1 -> 46202 | IC34: =+HU34+1 -> 46203
C35: CUICHAPA 356 | D35: CERRADO | E35: =+E34 -> 46174 | M35: =+E35+1 -> 46175 | N35: 1 | U35: =+M35+1 -> 46176 | V35: 1 | AC35: =+U35+1 -> 46177 | AK35: =+AC35+1 -> 46178 | AS35: =+AK35+1 -> 46179 | AT35: 2 | BA35: =+AS35+1 -> 46180 | BI35: =+BA35+1 -> 46181 | BJ35: 1 | BQ35: =+BI35+1 -> 46182 | BR35: 1 | BY35: =+BQ35+1 -> 46183 | CG35: =+BY35+1 -> 46184 | CO35: =+CG35+1 -> 46185 | CW35: =+CO35+1 -> 46186 | DE35: =+CW35+1 -> 46187 | DM35: =+DE35+1 -> 46188 | DU35: =+DM35+1 -> 46189 | EC35: =+DU35+1 -> 46190 | EK35: =+EC35+1 -> 46191 | ES35: =+EK35+1 -> 46192 | FA35: =+ES35+1 -> 46193 | FI35: =+FA35+1 -> 46194 | FQ35: =+FI35+1 -> 46195 | FY35: =+FQ35+1 -> 46196 | GG35: =+FY35+1 -> 46197 | GO35: =+GG35+1 -> 46198 | GW35: =+GO35+1 -> 46199 | HE35: =+GW35+1 -> 46200 | HM35: =+HE35+1 -> 46201 | HU35: =+HM35+1 -> 46202 | IC35: =+HU35+1 -> 46203
C36: CUICHAPA 359 | D36: CERRADO | E36: =+E35 -> 46174 | M36: =+E36+1 -> 46175 | N36: 1 | U36: =+M36+1 -> 46176 | AC36: =+U36+1 -> 46177 | AK36: =+AC36+1 -> 46178 | AS36: =+AK36+1 -> 46179 | BA36: =+AS36+1 -> 46180 | BB36: 1 | BI36: =+BA36+1 -> 46181 | BJ36: 4 | BQ36: =+BI36+1 -> 46182 | BY36: =+BQ36+1 -> 46183 | CG36: =+BY36+1 -> 46184 | CO36: =+CG36+1 -> 46185 | CP36: 1 | CW36: =+CO36+1 -> 46186 | CX36: 1 | DE36: =+CW36+1 -> 46187 | DM36: =+DE36+1 -> 46188 | DU36: =+DM36+1 -> 46189 | EC36: =+DU36+1 -> 46190 | EK36: =+EC36+1 -> 46191 | ES36: =+EK36+1 -> 46192 | FA36: =+ES36+1 -> 46193 | FI36: =+FA36+1 -> 46194 | FQ36: =+FI36+1 -> 46195 | FY36: =+FQ36+1 -> 46196 | GG36: =+FY36+1 -> 46197 | GO36: =+GG36+1 -> 46198 | GW36: =+GO36+1 -> 46199 | HE36: =+GW36+1 -> 46200 | HM36: =+HE36+1 -> 46201 | HU36: =+HM36+1 -> 46202 | IC36: =+HU36+1 -> 46203
C37: CUICHAPA 363 | D37: OPERANDO | E37: =+E36 -> 46174 | F37: 1 | M37: =+E37+1 -> 46175 | N37: 1 | U37: =+M37+1 -> 46176 | AC37: =+U37+1 -> 46177 | AD37: 1 | AK37: =+AC37+1 -> 46178 | AL37: 1 | AS37: =+AK37+1 -> 46179 | AT37: 1 | BA37: =+AS37+1 -> 46180 | BB37: 1 | BI37: =+BA37+1 -> 46181 | BJ37: 1 | BQ37: =+BI37+1 -> 46182 | BR37: 1 | BY37: =+BQ37+1 -> 46183 | BZ37: 1 | CG37: =+BY37+1 -> 46184 | CH37: 1 | CO37: =+CG37+1 -> 46185 | CP37: 1 | CW37: =+CO37+1 -> 46186 | CX37: 1 | DE37: =+CW37+1 -> 46187 | DF37: 1 | DM37: =+DE37+1 -> 46188 | DU37: =+DM37+1 -> 46189 | EC37: =+DU37+1 -> 46190 | EK37: =+EC37+1 -> 46191 | ES37: =+EK37+1 -> 46192 | FA37: =+ES37+1 -> 46193 | FI37: =+FA37+1 -> 46194 | FQ37: =+FI37+1 -> 46195 | FY37: =+FQ37+1 -> 46196 | GG37: =+FY37+1 -> 46197 | GO37: =+GG37+1 -> 46198 | GW37: =+GO37+1 -> 46199 | HE37: =+GW37+1 -> 46200 | HM37: =+HE37+1 -> 46201 | HU37: =+HM37+1 -> 46202 | IC37: =+HU37+1 -> 46203
C38: CUICHAPA 364 | D38: OPERANDO | E38: =+E37 -> 46174 | F38: 1 | M38: =+E38+1 -> 46175 | N38: 1 | U38: =+M38+1 -> 46176 | V38: 1 | AC38: =+U38+1 -> 46177 | AK38: =+AC38+1 -> 46178 | AS38: =+AK38+1 -> 46179 | BA38: =+AS38+1 -> 46180 | BI38: =+BA38+1 -> 46181 | BJ38: 1 | BQ38: =+BI38+1 -> 46182 | BY38: =+BQ38+1 -> 46183 | CG38: =+BY38+1 -> 46184 | CO38: =+CG38+1 -> 46185 | CW38: =+CO38+1 -> 46186 | CX38: 1 | DE38: =+CW38+1 -> 46187 | DM38: =+DE38+1 -> 46188 | DU38: =+DM38+1 -> 46189 | EC38: =+DU38+1 -> 46190 | EK38: =+EC38+1 -> 46191 | ES38: =+EK38+1 -> 46192 | FA38: =+ES38+1 -> 46193 | FI38: =+FA38+1 -> 46194 | FQ38: =+FI38+1 -> 46195 | FY38: =+FQ38+1 -> 46196 | GG38: =+FY38+1 -> 46197 | GO38: =+GG38+1 -> 46198 | GW38: =+GO38+1 -> 46199 | HE38: =+GW38+1 -> 46200 | HM38: =+HE38+1 -> 46201 | HU38: =+HM38+1 -> 46202 | IC38: =+HU38+1 -> 46203
C39: CUICHAPA 367 | D39: OPERANDO | E39: =+E38 -> 46174 | F39: 1 | M39: =+E39+1 -> 46175 | N39: 1 | U39: =+M39+1 -> 46176 | AC39: =+U39+1 -> 46177 | AD39: 1 | AK39: =+AC39+1 -> 46178 | AL39: 1 | AS39: =+AK39+1 -> 46179 | AT39: 1 | BA39: =+AS39+1 -> 46180 | BB39: 1 | BI39: =+BA39+1 -> 46181 | BJ39: 1 | BQ39: =+BI39+1 -> 46182 | BR39: 1 | BY39: =+BQ39+1 -> 46183 | BZ39: 1 | CG39: =+BY39+1 -> 46184 | CO39: =+CG39+1 -> 46185 | CP39: 1 | CW39: =+CO39+1 -> 46186 | CX39: 1 | DE39: =+CW39+1 -> 46187 | DF39: 1 | DM39: =+DE39+1 -> 46188 | DU39: =+DM39+1 -> 46189 | EC39: =+DU39+1 -> 46190 | EK39: =+EC39+1 -> 46191 | ES39: =+EK39+1 -> 46192 | FA39: =+ES39+1 -> 46193 | FI39: =+FA39+1 -> 46194 | FQ39: =+FI39+1 -> 46195 | FY39: =+FQ39+1 -> 46196 | GG39: =+FY39+1 -> 46197 | GO39: =+GG39+1 -> 46198 | GW39: =+GO39+1 -> 46199 | HE39: =+GW39+1 -> 46200 | HM39: =+HE39+1 -> 46201 | HU39: =+HM39+1 -> 46202 | IC39: =+HU39+1 -> 46203
C40: CUICHAPA 373 | D40: OPERANDO | E40: =+E39 -> 46174 | F40: 1 | M40: =+E40+1 -> 46175 | N40: 1 | U40: =+M40+1 -> 46176 | AC40: =+U40+1 -> 46177 | AD40: 1 | AK40: =+AC40+1 -> 46178 | AL40: 1 | AS40: =+AK40+1 -> 46179 | BA40: =+AS40+1 -> 46180 | BB40: 1 | BI40: =+BA40+1 -> 46181 | BJ40: 1 | BQ40: =+BI40+1 -> 46182 | BY40: =+BQ40+1 -> 46183 | BZ40: 1 | CG40: =+BY40+1 -> 46184 | CH40: 1 | CO40: =+CG40+1 -> 46185 | CW40: =+CO40+1 -> 46186 | CX40: 1 | DE40: =+CW40+1 -> 46187 | DF40: 1 | DM40: =+DE40+1 -> 46188 | DU40: =+DM40+1 -> 46189 | EC40: =+DU40+1 -> 46190 | EK40: =+EC40+1 -> 46191 | ES40: =+EK40+1 -> 46192 | FA40: =+ES40+1 -> 46193 | FI40: =+FA40+1 -> 46194 | FQ40: =+FI40+1 -> 46195 | FY40: =+FQ40+1 -> 46196 | GG40: =+FY40+1 -> 46197 | GO40: =+GG40+1 -> 46198 | GW40: =+GO40+1 -> 46199 | HE40: =+GW40+1 -> 46200 | HM40: =+HE40+1 -> 46201 | HU40: =+HM40+1 -> 46202 | IC40: =+HU40+1 -> 46203
C41: CUICHAPA 376 | D41: OPERANDO | E41: =+E40 -> 46174 | F41: 1 | G41: 4 | M41: =+E41+1 -> 46175 | N41: 1 | O41: 1 | U41: =+M41+1 -> 46176 | AC41: =+U41+1 -> 46177 | AD41: 1 | AE41: 3 | AK41: =+AC41+1 -> 46178 | AL41: 1 | AM41: 2 | AS41: =+AK41+1 -> 46179 | AU41: 1 | BA41: =+AS41+1 -> 46180 | BI41: =+BA41+1 -> 46181 | BJ41: 1 | BQ41: =+BI41+1 -> 46182 | BS41: 4 | BY41: =+BQ41+1 -> 46183 | BZ41: 1 | CA41: 3 | CG41: =+BY41+1 -> 46184 | CH41: 1 | CI41: 3 | CO41: =+CG41+1 -> 46185 | CQ41: 2 | CW41: =+CO41+1 -> 46186 | CX41: 1 | CY41: 3 | DE41: =+CW41+1 -> 46187 | DF41: 1 | DG41: 3 | DM41: =+DE41+1 -> 46188 | DO41: 1 | DU41: =+DM41+1 -> 46189 | DW41: 1 | EC41: =+DU41+1 -> 46190 | EE41: 1 | EK41: =+EC41+1 -> 46191 | EM41: 1 | ES41: =+EK41+1 -> 46192 | FA41: =+ES41+1 -> 46193 | FI41: =+FA41+1 -> 46194 | FQ41: =+FI41+1 -> 46195 | FY41: =+FQ41+1 -> 46196 | GG41: =+FY41+1 -> 46197 | GO41: =+GG41+1 -> 46198 | GW41: =+GO41+1 -> 46199 | HE41: =+GW41+1 -> 46200 | HM41: =+HE41+1 -> 46201 | HU41: =+HM41+1 -> 46202 | IC41: =+HU41+1 -> 46203
C42: CUICHAPA 377 | D42: CERRADO | E42: =+E41 -> 46174 | M42: =+E42+1 -> 46175 | U42: =+M42+1 -> 46176 | AC42: =+U42+1 -> 46177 | AK42: =+AC42+1 -> 46178 | AS42: =+AK42+1 -> 46179 | BA42: =+AS42+1 -> 46180 | BI42: =+BA42+1 -> 46181 | BQ42: =+BI42+1 -> 46182 | BY42: =+BQ42+1 -> 46183 | CG42: =+BY42+1 -> 46184 | CO42: =+CG42+1 -> 46185 | CW42: =+CO42+1 -> 46186 | DE42: =+CW42+1 -> 46187 | DM42: =+DE42+1 -> 46188 | DU42: =+DM42+1 -> 46189 | EC42: =+DU42+1 -> 46190 | EK42: =+EC42+1 -> 46191 | ES42: =+EK42+1 -> 46192 | FA42: =+ES42+1 -> 46193 | FI42: =+FA42+1 -> 46194 | FQ42: =+FI42+1 -> 46195 | FY42: =+FQ42+1 -> 46196 | GG42: =+FY42+1 -> 46197 | GO42: =+GG42+1 -> 46198 | GW42: =+GO42+1 -> 46199 | HE42: =+GW42+1 -> 46200 | HM42: =+HE42+1 -> 46201 | HU42: =+HM42+1 -> 46202 | IC42: =+HU42+1 -> 46203
C43: CUICHAPA 385 | D43: OPERANDO | E43: =+E42 -> 46174 | M43: =+E43+1 -> 46175 | N43: 1 | O43: 1 | U43: =+M43+1 -> 46176 | AC43: =+U43+1 -> 46177 | AK43: =+AC43+1 -> 46178 | AM43: 1 | AS43: =+AK43+1 -> 46179 | BA43: =+AS43+1 -> 46180 | BI43: =+BA43+1 -> 46181 | BQ43: =+BI43+1 -> 46182 | BS43: 1 | BY43: =+BQ43+1 -> 46183 | CA43: 1 | CG43: =+BY43+1 -> 46184 | CO43: =+CG43+1 -> 46185 | CW43: =+CO43+1 -> 46186 | DE43: =+CW43+1 -> 46187 | DM43: =+DE43+1 -> 46188 | DU43: =+DM43+1 -> 46189 | DW43: 1 | EC43: =+DU43+1 -> 46190 | EE43: 1 | EK43: =+EC43+1 -> 46191 | ES43: =+EK43+1 -> 46192 | FA43: =+ES43+1 -> 46193 | FI43: =+FA43+1 -> 46194 | FQ43: =+FI43+1 -> 46195 | FY43: =+FQ43+1 -> 46196 | GG43: =+FY43+1 -> 46197 | GO43: =+GG43+1 -> 46198 | GW43: =+GO43+1 -> 46199 | HE43: =+GW43+1 -> 46200 | HM43: =+HE43+1 -> 46201 | HU43: =+HM43+1 -> 46202 | IC43: =+HU43+1 -> 46203
C44: CUICHAPA 401 | E44: =+E43 -> 46174 | M44: =+E44+1 -> 46175 | U44: =+M44+1 -> 46176 | AC44: =+U44+1 -> 46177 | AK44: =+AC44+1 -> 46178 | AS44: =+AK44+1 -> 46179 | BA44: =+AS44+1 -> 46180 | BI44: =+BA44+1 -> 46181 | BQ44: =+BI44+1 -> 46182 | BY44: =+BQ44+1 -> 46183 | CG44: =+BY44+1 -> 46184 | CO44: =+CG44+1 -> 46185 | CW44: =+CO44+1 -> 46186 | DE44: =+CW44+1 -> 46187 | DM44: =+DE44+1 -> 46188 | DU44: =+DM44+1 -> 46189 | EC44: =+DU44+1 -> 46190 | EK44: =+EC44+1 -> 46191 | ES44: =+EK44+1 -> 46192 | FA44: =+ES44+1 -> 46193 | FI44: =+FA44+1 -> 46194 | FQ44: =+FI44+1 -> 46195 | FY44: =+FQ44+1 -> 46196 | GG44: =+FY44+1 -> 46197 | GO44: =+GG44+1 -> 46198 | GW44: =+GO44+1 -> 46199 | HE44: =+GW44+1 -> 46200 | HM44: =+HE44+1 -> 46201 | HU44: =+HM44+1 -> 46202 | IC44: =+HU44+1 -> 46203
C45: CUICHAPA 500 | E45: =+E44 -> 46174 | F45: 1 | G45: 3 | M45: =+E45+1 -> 46175 | U45: =+M45+1 -> 46176 | W45: 1 | AC45: =+U45+1 -> 46177 | AK45: =+AC45+1 -> 46178 | AS45: =+AK45+1 -> 46179 | BA45: =+AS45+1 -> 46180 | BI45: =+BA45+1 -> 46181 | BQ45: =+BI45+1 -> 46182 | BY45: =+BQ45+1 -> 46183 | CG45: =+BY45+1 -> 46184 | CO45: =+CG45+1 -> 46185 | CW45: =+CO45+1 -> 46186 | DE45: =+CW45+1 -> 46187 | DM45: =+DE45+1 -> 46188 | DU45: =+DM45+1 -> 46189 | EC45: =+DU45+1 -> 46190 | ED45: 1 | EE45: 2 | EK45: =+EC45+1 -> 46191 | ES45: =+EK45+1 -> 46192 | FA45: =+ES45+1 -> 46193 | FI45: =+FA45+1 -> 46194 | FQ45: =+FI45+1 -> 46195 | FY45: =+FQ45+1 -> 46196 | GG45: =+FY45+1 -> 46197 | GO45: =+GG45+1 -> 46198 | GW45: =+GO45+1 -> 46199 | HE45: =+GW45+1 -> 46200 | HM45: =+HE45+1 -> 46201 | HU45: =+HM45+1 -> 46202 | IC45: =+HU45+1 -> 46203
C46: CUICHAPA 502 | D46: OPERANDO | E46: =+E45 -> 46174 | F46: 1 | M46: =+E46+1 -> 46175 | N46: 2 | U46: =+M46+1 -> 46176 | V46: 1 | AC46: =+U46+1 -> 46177 | AD46: 1 | AK46: =+AC46+1 -> 46178 | AL46: 1 | AS46: =+AK46+1 -> 46179 | AT46: 1 | BA46: =+AS46+1 -> 46180 | BB46: 1 | BI46: =+BA46+1 -> 46181 | BJ46: 1 | BQ46: =+BI46+1 -> 46182 | BR46: 1 | BY46: =+BQ46+1 -> 46183 | BZ46: 1 | CG46: =+BY46+1 -> 46184 | CH46: 1 | CO46: =+CG46+1 -> 46185 | CP46: 1 | CW46: =+CO46+1 -> 46186 | CX46: 1 | DE46: =+CW46+1 -> 46187 | DF46: 1 | DM46: =+DE46+1 -> 46188 | DN46: 1 | DU46: =+DM46+1 -> 46189 | DV46: 1 | EC46: =+DU46+1 -> 46190 | ED46: 1 | EK46: =+EC46+1 -> 46191 | EL46: 1 | ES46: =+EK46+1 -> 46192 | ET46: 1 | FA46: =+ES46+1 -> 46193 | FI46: =+FA46+1 -> 46194 | FQ46: =+FI46+1 -> 46195 | FY46: =+FQ46+1 -> 46196 | GG46: =+FY46+1 -> 46197 | GO46: =+GG46+1 -> 46198 | GW46: =+GO46+1 -> 46199 | HE46: =+GW46+1 -> 46200 | HM46: =+HE46+1 -> 46201 | HU46: =+HM46+1 -> 46202 | IC46: =+HU46+1 -> 46203
C47: CUICHAPA 504 | D47: OPERANDO | E47: =+E46 -> 46174 | F47: 1 | M47: =+E47+1 -> 46175 | N47: 1 | U47: =+M47+1 -> 46176 | V47: 1 | AC47: =+U47+1 -> 46177 | AD47: 2 | AK47: =+AC47+1 -> 46178 | AS47: =+AK47+1 -> 46179 | BA47: =+AS47+1 -> 46180 | BB47: 1 | BI47: =+BA47+1 -> 46181 | BQ47: =+BI47+1 -> 46182 | BR47: 1 | BY47: =+BQ47+1 -> 46183 | CG47: =+BY47+1 -> 46184 | CH47: 1 | CO47: =+CG47+1 -> 46185 | CP47: 1 | CW47: =+CO47+1 -> 46186 | DE47: =+CW47+1 -> 46187 | DF47: 1 | DM47: =+DE47+1 -> 46188 | DN47: 1 | DU47: =+DM47+1 -> 46189 | DV47: 1 | EC47: =+DU47+1 -> 46190 | ED47: 1 | EK47: =+EC47+1 -> 46191 | EL47: 1 | ES47: =+EK47+1 -> 46192 | ET47: 1 | FA47: =+ES47+1 -> 46193 | FI47: =+FA47+1 -> 46194 | FQ47: =+FI47+1 -> 46195 | FY47: =+FQ47+1 -> 46196 | GG47: =+FY47+1 -> 46197 | GO47: =+GG47+1 -> 46198 | GW47: =+GO47+1 -> 46199 | HE47: =+GW47+1 -> 46200 | HM47: =+HE47+1 -> 46201 | HU47: =+HM47+1 -> 46202 | IC47: =+HU47+1 -> 46203
C48: CUICHAPA 505 | D48: CERRADO | E48: =+E47 -> 46174 | F48: 1 | G48: 3 | M48: =+E48+1 -> 46175 | N48: 1 | U48: =+M48+1 -> 46176 | V48: 1 | W48: 1 | AC48: =+U48+1 -> 46177 | AD48: 1 | AK48: =+AC48+1 -> 46178 | AS48: =+AK48+1 -> 46179 | AU48: 2 | BA48: =+AS48+1 -> 46180 | BI48: =+BA48+1 -> 46181 | BQ48: =+BI48+1 -> 46182 | BR48: 1 | BS48: 2 | BY48: =+BQ48+1 -> 46183 | BZ48: 1 | CA48: 1 | CG48: =+BY48+1 -> 46184 | CH48: 1 | CO48: =+CG48+1 -> 46185 | CP48: 1 | CQ48: 2 | CW48: =+CO48+1 -> 46186 | CX48: 1 | CY48: 1 | DE48: =+CW48+1 -> 46187 | DF48: 1 | DM48: =+DE48+1 -> 46188 | DN48: 1 | DU48: =+DM48+1 -> 46189 | DV48: 1 | DW48: 1 | EC48: =+DU48+1 -> 46190 | ED48: 1 | EE48: 1 | EK48: =+EC48+1 -> 46191 | EL48: 1 | ES48: =+EK48+1 -> 46192 | ET48: 1 | FA48: =+ES48+1 -> 46193 | FI48: =+FA48+1 -> 46194 | FQ48: =+FI48+1 -> 46195 | FY48: =+FQ48+1 -> 46196 | GG48: =+FY48+1 -> 46197 | GO48: =+GG48+1 -> 46198 | GW48: =+GO48+1 -> 46199 | HE48: =+GW48+1 -> 46200 | HM48: =+HE48+1 -> 46201 | HU48: =+HM48+1 -> 46202 | IC48: =+HU48+1 -> 46203
C49: CUICHAPA 507 | D49: CERRADO | E49: =+E48 -> 46174 | M49: =+E49+1 -> 46175 | U49: =+M49+1 -> 46176 | AC49: =+U49+1 -> 46177 | AK49: =+AC49+1 -> 46178 | AS49: =+AK49+1 -> 46179 | BA49: =+AS49+1 -> 46180 | BI49: =+BA49+1 -> 46181 | BQ49: =+BI49+1 -> 46182 | BY49: =+BQ49+1 -> 46183 | CG49: =+BY49+1 -> 46184 | CO49: =+CG49+1 -> 46185 | CW49: =+CO49+1 -> 46186 | DE49: =+CW49+1 -> 46187 | DM49: =+DE49+1 -> 46188 | DU49: =+DM49+1 -> 46189 | EC49: =+DU49+1 -> 46190 | EK49: =+EC49+1 -> 46191 | ES49: =+EK49+1 -> 46192 | FA49: =+ES49+1 -> 46193 | FI49: =+FA49+1 -> 46194 | FQ49: =+FI49+1 -> 46195 | FY49: =+FQ49+1 -> 46196 | GG49: =+FY49+1 -> 46197 | GO49: =+GG49+1 -> 46198 | GW49: =+GO49+1 -> 46199 | HE49: =+GW49+1 -> 46200 | HM49: =+HE49+1 -> 46201 | HU49: =+HM49+1 -> 46202 | IC49: =+HU49+1 -> 46203
C50: CUICHAPA 513 | D50: CERRADO | E50: =+E49 -> 46174 | M50: =+E50+1 -> 46175 | U50: =+M50+1 -> 46176 | AC50: =+U50+1 -> 46177 | AK50: =+AC50+1 -> 46178 | AS50: =+AK50+1 -> 46179 | BA50: =+AS50+1 -> 46180 | BI50: =+BA50+1 -> 46181 | BQ50: =+BI50+1 -> 46182 | BY50: =+BQ50+1 -> 46183 | CG50: =+BY50+1 -> 46184 | CO50: =+CG50+1 -> 46185 | CW50: =+CO50+1 -> 46186 | DE50: =+CW50+1 -> 46187 | DM50: =+DE50+1 -> 46188 | DU50: =+DM50+1 -> 46189 | EC50: =+DU50+1 -> 46190 | EK50: =+EC50+1 -> 46191 | ES50: =+EK50+1 -> 46192 | FA50: =+ES50+1 -> 46193 | FI50: =+FA50+1 -> 46194 | FQ50: =+FI50+1 -> 46195 | FY50: =+FQ50+1 -> 46196 | GG50: =+FY50+1 -> 46197 | GO50: =+GG50+1 -> 46198 | GW50: =+GO50+1 -> 46199 | HE50: =+GW50+1 -> 46200 | HM50: =+HE50+1 -> 46201 | HU50: =+HM50+1 -> 46202 | IC50: =+HU50+1 -> 46203
C51: CUICHAPA 601 | D51: OPERANDO | E51: =+E50 -> 46174 | G51: 2 | M51: =+E51+1 -> 46175 | N51: 1 | O51: 3 | U51: =+M51+1 -> 46176 | V51: 1 | W51: 3 | AC51: =+U51+1 -> 46177 | AD51: 1 | AE51: 3 | AK51: =+AC51+1 -> 46178 | AL51: 1 | AM51: 1 | AS51: =+AK51+1 -> 46179 | AT51: 1 | BA51: =+AS51+1 -> 46180 | BB51: 1 | BI51: =+BA51+1 -> 46181 | BQ51: =+BI51+1 -> 46182 | BR51: 1 | BS51: 1 | BY51: =+BQ51+1 -> 46183 | BZ51: 1 | CA51: 3 | CG51: =+BY51+1 -> 46184 | CH51: 1 | CI51: 1 | CO51: =+CG51+1 -> 46185 | CP51: 1 | CW51: =+CO51+1 -> 46186 | CX51: 1 | DE51: =+CW51+1 -> 46187 | DF51: 1 | DM51: =+DE51+1 -> 46188 | DN51: 1 | DU51: =+DM51+1 -> 46189 | EC51: =+DU51+1 -> 46190 | ED51: 1 | EK51: =+EC51+1 -> 46191 | EL51: 1 | ES51: =+EK51+1 -> 46192 | ET51: 1 | FA51: =+ES51+1 -> 46193 | FI51: =+FA51+1 -> 46194 | FQ51: =+FI51+1 -> 46195 | FY51: =+FQ51+1 -> 46196 | GG51: =+FY51+1 -> 46197 | GO51: =+GG51+1 -> 46198 | GW51: =+GO51+1 -> 46199 | HE51: =+GW51+1 -> 46200 | HM51: =+HE51+1 -> 46201 | HU51: =+HM51+1 -> 46202 | IC51: =+HU51+1 -> 46203
C52: CUICHAPA 602 | D52: CERRADO | E52: =+E51 -> 46174 | G52: 1 | M52: =+E52+1 -> 46175 | U52: =+M52+1 -> 46176 | AC52: =+U52+1 -> 46177 | AK52: =+AC52+1 -> 46178 | AM52: 3 | AS52: =+AK52+1 -> 46179 | AU52: 3 | BA52: =+AS52+1 -> 46180 | BC52: 3 | BI52: =+BA52+1 -> 46181 | BK52: 2 | BQ52: =+BI52+1 -> 46182 | BS52: 2 | BY52: =+BQ52+1 -> 46183 | BZ52: 1 | CA52: 3 | CG52: =+BY52+1 -> 46184 | CH52: 1 | CI52: 2 | CO52: =+CG52+1 -> 46185 | CP52: 1 | CQ52: 3 | CW52: =+CO52+1 -> 46186 | CX52: 1 | CY52: 3 | DE52: =+CW52+1 -> 46187 | DF52: 1 | DG52: 3 | DM52: =+DE52+1 -> 46188 | DN52: 1 | DO52: 1 | DU52: =+DM52+1 -> 46189 | DW52: 1 | EC52: =+DU52+1 -> 46190 | ED52: 1 | EE52: 2 | EK52: =+EC52+1 -> 46191 | EL52: 1 | EM52: 2 | ES52: =+EK52+1 -> 46192 | ET52: 1 | EU52: 1 | FA52: =+ES52+1 -> 46193 | FI52: =+FA52+1 -> 46194 | FQ52: =+FI52+1 -> 46195 | FY52: =+FQ52+1 -> 46196 | GG52: =+FY52+1 -> 46197 | GO52: =+GG52+1 -> 46198 | GW52: =+GO52+1 -> 46199 | HE52: =+GW52+1 -> 46200 | HM52: =+HE52+1 -> 46201 | HU52: =+HM52+1 -> 46202 | IC52: =+HU52+1 -> 46203
C53: CUICHAPA 603 | E53: =+E52 -> 46174 | F53: 1 | G53: 3 | M53: =+E53+1 -> 46175 | N53: 1 | O53: 3 | U53: =+M53+1 -> 46176 | W53: 2 | AC53: =+U53+1 -> 46177 | AD53: 1 | AE53: 3 | AK53: =+AC53+1 -> 46178 | AM53: 3 | AS53: =+AK53+1 -> 46179 | AT53: 1 | AU53: 3 | BA53: =+AS53+1 -> 46180 | BB53: 1 | BC53: 3 | BI53: =+BA53+1 -> 46181 | BK53: 2 | BQ53: =+BI53+1 -> 46182 | BR53: 1 | BS53: 3 | BY53: =+BQ53+1 -> 46183 | BZ53: 1 | CA53: 3 | CG53: =+BY53+1 -> 46184 | CH53: 1 | CI53: 3 | CO53: =+CG53+1 -> 46185 | CP53: 1 | CQ53: 3 | CW53: =+CO53+1 -> 46186 | CX53: 1 | CY53: 3 | DE53: =+CW53+1 -> 46187 | DF53: 1 | DG53: 3 | DM53: =+DE53+1 -> 46188 | DN53: 1 | DO53: 2 | DU53: =+DM53+1 -> 46189 | DV53: 1 | DW53: 2 | EC53: =+DU53+1 -> 46190 | ED53: 1 | EE53: 2 | EK53: =+EC53+1 -> 46191 | EL53: 1 | EM53: 2 | ES53: =+EK53+1 -> 46192 | ET53: 1 | EU53: 2 | FA53: =+ES53+1 -> 46193 | FI53: =+FA53+1 -> 46194 | FQ53: =+FI53+1 -> 46195 | FY53: =+FQ53+1 -> 46196 | GG53: =+FY53+1 -> 46197 | GO53: =+GG53+1 -> 46198 | GW53: =+GO53+1 -> 46199 | HE53: =+GW53+1 -> 46200 | HM53: =+HE53+1 -> 46201 | HU53: =+HM53+1 -> 46202 | IC53: =+HU53+1 -> 46203
F54: =SUM(F2:F53) -> 29 | G54: =SUM(G2:G53) -> 29 | H54: =SUM(H2:H53) -> 0 | I54: =SUM(I2:I53) -> 0 | J54: =SUM(J2:J53) -> 0 | K54: =SUM(K2:K53) -> 0 | L54: =SUM(L2:L53) -> 0 | N54: =SUM(N2:N53) -> 37 | O54: =SUM(O2:O53) -> 23 | P54: =SUM(P2:P53) -> 0 | Q54: =SUM(Q2:Q53) -> 0 | R54: =SUM(R2:R53) -> 0 | S54: =SUM(S2:S53) -> 0 | T54: =SUM(T2:T53) -> 0 | V54: =SUM(V2:V53) -> 18 | W54: =SUM(W2:W53) -> 18 | X54: =SUM(X2:X53) -> 0 | Y54: =SUM(Y2:Y53) -> 0 | Z54: =SUM(Z2:Z53) -> 0 | AA54: =SUM(AA2:AA53) -> 0 | AB54: =SUM(AB2:AB53) -> 0 | AD54: =SUM(AD2:AD53) -> 27 | AE54: =SUM(AE2:AE53) -> 29 | AF54: =SUM(AF2:AF53) -> 0 | AG54: =SUM(AG2:AG53) -> 0 | AH54: =SUM(AH2:AH53) -> 0 | AI54: =SUM(AI2:AI53) -> 0 | AJ54: =SUM(AJ2:AJ53) -> 0 | AL54: =SUM(AL2:AL53) -> 26 | AM54: =SUM(AM2:AM53) -> 35 | AN54: =SUM(AN2:AN53) -> 0 | AO54: =SUM(AO2:AO53) -> 0 | AP54: =SUM(AP2:AP53) -> 0 | AQ54: =SUM(AQ2:AQ53) -> 0 | AR54: =SUM(AR2:AR53) -> 0 | AT54: =SUM(AT2:AT53) -> 24 | AU54: =SUM(AU2:AU53) -> 26 | AV54: =SUM(AV2:AV53) -> 0 | AW54: =SUM(AW2:AW53) -> 0 | AX54: =SUM(AX2:AX53) -> 0 | AY54: =SUM(AY2:AY53) -> 0 | AZ54: =SUM(AZ2:AZ53) -> 0 | BB54: =SUM(BB3:BB53) -> 25 | BC54: =SUM(BC3:BC53) -> 18 | BD54: =SUM(BD3:BD53) -> 0 | BE54: =SUM(BE3:BE53) -> 0 | BF54: =SUM(BF3:BF53) -> 0 | BG54: =SUM(BG3:BG53) -> 0 | BH54: =SUM(BH3:BH53) -> 0 | BJ54: =SUM(BJ3:BJ53) -> 23 | BK54: =SUM(BK3:BK53) -> 19 | BL54: =SUM(BL3:BL53) -> 0 | BM54: =SUM(BM3:BM53) -> 0 | BN54: =SUM(BN3:BN53) -> 0 | BO54: =SUM(BO3:BO53) -> 0 | BP54: =SUM(BP3:BP53) -> 0 | BR54: =SUM(BR3:BR53) -> 27 | BS54: =SUM(BS3:BS53) -> 30 | BT54: =SUM(BT3:BT53) -> 0 | BU54: =SUM(BU3:BU53) -> 0 | BV54: =SUM(BV3:BV53) -> 0 | BW54: =SUM(BW3:BW53) -> 0 | BX54: =SUM(BX3:BX53) -> 0 | BZ54: =SUM(BZ3:BZ53) -> 27 | CA54: =SUM(CA3:CA53) -> 30 | CB54: =SUM(CB3:CB53) -> 0 | CC54: =SUM(CC3:CC53) -> 0 | CD54: =SUM(CD3:CD53) -> 0 | CE54: =SUM(CE3:CE53) -> 0 | CF54: =SUM(CF3:CF53) -> 0 | CH54: =SUM(CH3:CH53) -> 27 | CI54: =SUM(CI3:CI53) -> 25 | CJ54: =SUM(CJ3:CJ53) -> 0 | CK54: =SUM(CK3:CK53) -> 0 | CL54: =SUM(CL3:CL53) -> 0 | CM54: =SUM(CM3:CM53) -> 0 | CN54: =SUM(CN3:CN53) -> 0 | CP54: =SUM(CP3:CP53) -> 23 | CQ54: =SUM(CQ3:CQ53) -> 23 | CR54: =SUM(CR3:CR53) -> 0 | CS54: =SUM(CS3:CS53) -> 0 | CT54: =SUM(CT3:CT53) -> 0 | CU54: =SUM(CU3:CU53) -> 0 | CV54: =SUM(CV3:CV53) -> 0 | CX54: =SUM(CX3:CX53) -> 30 | CY54: =SUM(CY3:CY53) -> 25 | CZ54: =SUM(CZ3:CZ53) -> 0 | DA54: =SUM(DA3:DA53) -> 0 | DB54: =SUM(DB3:DB53) -> 0 | DC54: =SUM(DC3:DC53) -> 0 | DD54: =SUM(DD3:DD53) -> 0 | DF54: =SUM(DF3:DF53) -> 30 | DG54: =SUM(DG3:DG53) -> 26 | DH54: =SUM(DH3:DH53) -> 0 | DI54: =SUM(DI3:DI53) -> 0 | DJ54: =SUM(DJ3:DJ53) -> 0 | DK54: =SUM(DK3:DK53) -> 0 | DL54: =SUM(DL3:DL53) -> 0 | DN54: =SUM(DN3:DN53) -> 18 | DO54: =SUM(DO3:DO53) -> 13 | DP54: =SUM(DP3:DP53) -> 0 | DQ54: =SUM(DQ3:DQ53) -> 0 | DR54: =SUM(DR3:DR53) -> 0 | DS54: =SUM(DS3:DS53) -> 0 | DT54: =SUM(DT3:DT53) -> 0 | DV54: =SUM(DV3:DV53) -> 13 | DW54: =SUM(DW3:DW53) -> 14 | DX54: =SUM(DX3:DX53) -> 0 | DY54: =SUM(DY3:DY53) -> 0 | DZ54: =SUM(DZ3:DZ53) -> 0 | EA54: =SUM(EA3:EA53) -> 0 | EB54: =SUM(EB3:EB53) -> 0 | ED54: =SUM(ED3:ED53) -> 18 | EE54: =SUM(EE3:EE53) -> 17 | EF54: =SUM(H3:H53) -> 0 | EG54: =SUM(I3:I53) -> 0 | EH54: =SUM(J3:J53) -> 0 | EI54: =SUM(K3:K53) -> 0 | EJ54: =SUM(L3:L53) -> 0 | EL54: =SUM(EL3:EL53) -> 17 | EM54: =SUM(EM3:EM53) -> 14 | EN54: =SUM(EN3:EN53) -> 0 | EO54: =SUM(EO3:EO53) -> 0 | EP54: =SUM(EP3:EP53) -> 0 | EQ54: =SUM(EQ3:EQ53) -> 0 | ER54: =SUM(ER3:ER53) -> 0 | ET54: =SUM(ET3:ET53) -> 15 | EU54: =SUM(EU3:EU53) -> 13 | EV54: =SUM(EV3:EV53) -> 0 | EW54: =SUM(EW3:EW53) -> 0 | EX54: =SUM(EX3:EX53) -> 0 | EY54: =SUM(EY3:EY53) -> 0 | EZ54: =SUM(EZ3:EZ53) -> 0 | FB54: =SUM(FB3:FB53) -> 0 | FC54: =SUM(FC3:FC53) -> 0 | FD54: =SUM(FD3:FD53) -> 0 | FE54: =SUM(FE3:FE53) -> 0 | FF54: =SUM(FF3:FF53) -> 0 | FG54: =SUM(FG3:FG53) -> 0 | FH54: =SUM(FH3:FH53) -> 0 | FJ54: =SUM(FJ3:FJ53) -> 0 | FK54: =SUM(FK3:FK53) -> 0 | FL54: =SUM(FL3:FL53) -> 0 | FM54: =SUM(FM3:FM53) -> 0 | FN54: =SUM(FN3:FN53) -> 0 | FO54: =SUM(FO3:FO53) -> 0 | FP54: =SUM(FP3:FP53) -> 0 | FR54: =SUM(FR3:FR53) -> 0 | FS54: =SUM(FS3:FS53) -> 0 | FT54: =SUM(FT3:FT53) -> 0 | FU54: =SUM(FU3:FU53) -> 0 | FV54: =SUM(FV3:FV53) -> 0 | FW54: =SUM(FW3:FW53) -> 0 | FX54: =SUM(FX3:FX53) -> 0 | FZ54: =SUM(FZ3:FZ53) -> 0 | GA54: =SUM(GA3:GA53) -> 0 | GB54: =SUM(GB3:GB53) -> 0 | GC54: =SUM(GC3:GC53) -> 0 | GD54: =SUM(GD3:GD53) -> 0 | GE54: =SUM(GE3:GE53) -> 0 | GF54: =SUM(GF3:GF53) -> 0 | GH54: =SUM(GH3:GH53) -> 0 | GI54: =SUM(GI3:GI53) -> 0 | GJ54: =SUM(GJ3:GJ53) -> 0 | GK54: =SUM(GK3:GK53) -> 0 | GL54: =SUM(GL3:GL53) -> 0 | GM54: =SUM(GM3:GM53) -> 0 | GN54: =SUM(GN3:GN53) -> 0 | GP54: =SUM(GP3:GP53) -> 0 | GQ54: =SUM(GQ3:GQ53) -> 0 | GR54: =SUM(GR3:GR53) -> 0 | GS54: =SUM(GS3:GS53) -> 0 | GT54: =SUM(GT3:GT53) -> 0 | GU54: =SUM(GU3:GU53) -> 0 | GV54: =SUM(GV3:GV53) -> 0 | GX54: =SUM(GX3:GX53) -> 0 | GY54: =SUM(GY3:GY53) -> 0 | GZ54: =SUM(GZ3:GZ53) -> 0 | HA54: =SUM(HA3:HA53) -> 0 | HB54: =SUM(HB3:HB53) -> 0 | HC54: =SUM(HC3:HC53) -> 0 | HD54: =SUM(HD3:HD53) -> 0 | HF54: =SUM(HF3:HF53) -> 0 | HG54: =SUM(HG3:HG53) -> 0 | HH54: =SUM(HH3:HH53) -> 0 | HI54: =SUM(HI3:HI53) -> 0 | HJ54: =SUM(HJ3:HJ53) -> 0 | HK54: =SUM(HK3:HK53) -> 0 | HL54: =SUM(HL3:HL53) -> 0 | HN54: =SUM(HN3:HN53) -> 0 | HO54: =SUM(HO3:HO53) -> 0 | HP54: =SUM(HP3:HP53) -> 0 | HQ54: =SUM(HQ3:HQ53) -> 0 | HR54: =SUM(HR3:HR53) -> 0 | HS54: =SUM(HS3:HS53) -> 0 | HT54: =SUM(HT3:HT53) -> 0 | HV54: =SUM(HV3:HV53) -> 0 | HW54: =SUM(HW3:HW53) -> 0 | HX54: =SUM(HX3:HX53) -> 0 | HY54: =SUM(HY3:HY53) -> 0 | HZ54: =SUM(HZ3:HZ53) -> 0 | IA54: =SUM(IA3:IA53) -> 0 | IB54: =SUM(IB3:IB53) -> 0 | ID54: =SUM(ID3:ID53) -> 0 | IE54: =SUM(IE3:IE53) -> 0 | IF54: =SUM(IF3:IF53) -> 0 | IG54: =SUM(IG3:IG53) -> 0 | IH54: =SUM(IH3:IH53) -> 0 | II54: =SUM(II3:II53) -> 0 | IJ54: =SUM(IJ3:IJ53) -> 0
F58: =F1 -> SUPER | G58: NIVEL | H58: TRABAJO | I58: =I1 -> DRENAR | J58: =J1 -> MEDICION BS2 | K58: =K1 -> AFORO FT | L58: =L1 -> A. INTERMITENTE | M58: VISITA/RECORRIDO | N58: SUPER + MONITOREO | V58: =V1 -> SUPER | AD58: =AD1 -> SUPER | AL58: =AL1 -> SUPER | AT58: =AT1 -> SUPER | BB58: =BB1 -> SUPER | BJ58: =BJ1 -> SUPER | BR58: =BR1 -> SUPER | BZ58: =BZ1 -> SUPER | CH58: =CH1 -> SUPER | CP58: =CP1 -> SUPER | CX58: =CX1 -> SUPER | DF58: =DF1 -> SUPER | DN58: =DN1 -> SUPER | DV58: =DV1 -> SUPER | ED58: =ED1 -> SUPER | EL58: =EL1 -> SUPER | ET58: =ET1 -> SUPER | FB58: =FB1 -> SUPER | FJ58: =FJ1 -> SUPER | FR58: =FR1 -> SUPER | FZ58: =FZ1 -> SUPER | GH58: =GH1 -> SUPER | GP58: =GP1 -> SUPER | GX58: =GX1 -> SUPER | HF58: =HF1 -> SUPER | HN58: =HN1 -> SUPER | HV58: =HV1 -> SUPER | ID58: =ID1 -> SUPER
C59: CUICHAPA 106D | D59: OPERANDO | E59: =+E3 -> 46174 | F59: =F3 -> 0 | G59: =G3 -> 0 | H59: =H3 -> 0 | I59: =I3 -> 0 | J59: =J3 -> 0 | K59: =K3 -> 0 | L59: =L3 -> 0 | M59: =+G59-F59 -> 0 | N59: =+M59+F59 -> 0
C60: CUICHAPA 106D | D60: OPERANDO | E60: =+E59+1 -> 46175 | F60: =N3 -> 2 | G60: =O3 -> 3 | H60: =P3 -> 0 | I60: =Q3 -> 0 | J60: =R3 -> 0 | K60: =S3 -> 0 | L60: =T3 -> 0 | M60: =+G60-F60 -> 1 | N60: =+M60+F60 -> 3
C61: CUICHAPA 106D | D61: OPERANDO | E61: =+E60+1 -> 46176 | F61: =V3 -> 0 | G61: =W3 -> 4 | H61: =X3 -> 0 | I61: =Y3 -> 0 | J61: =Z3 -> 0 | K61: =AA3 -> 0 | L61: =AB3 -> 0 | M61: =+G61-F61 -> 4 | N61: =+M61+F61 -> 4
C62: CUICHAPA 106D | D62: OPERANDO | E62: =+E61+1 -> 46177 | F62: =AD3 -> 1 | G62: =AE3 -> 4 | H62: =AF3 -> 0 | I62: =AG3 -> 0 | J62: =AH3 -> 0 | K62: =AI3 -> 0 | L62: =AJ3 -> 0 | M62: =+G62-F62 -> 3 | N62: =+M62+F62 -> 4
C63: CUICHAPA 106D | D63: OPERANDO | E63: =+E62+1 -> 46178 | F63: =AL3 -> 1 | G63: =AM3 -> 4 | H63: =AN3 -> 0 | I63: =AO3 -> 0 | J63: =AP3 -> 0 | K63: =AQ3 -> 0 | L63: =AR3 -> 0 | M63: =+G63-F63 -> 3 | N63: =+M63+F63 -> 4
C64: CUICHAPA 106D | D64: OPERANDO | E64: =+E63+1 -> 46179 | F64: =AT3 -> 1 | G64: =AU3 -> 4 | H64: =AV3 -> 0 | I64: =AW3 -> 0 | J64: =AX3 -> 0 | K64: =AY3 -> 0 | L64: =AZ3 -> 0 | M64: =+G64-F64 -> 3 | N64: =+M64+F64 -> 4
C65: CUICHAPA 106D | D65: OPERANDO | E65: =+E64+1 -> 46180 | F65: =BB3 -> 1 | G65: =BC3 -> 3 | H65: =BD3 -> 0 | I65: =BE3 -> 0 | J65: =BF3 -> 0 | K65: =BG3 -> 0 | L65: =BH3 -> 0 | M65: =+G65-F65 -> 2 | N65: =+M65+F65 -> 3
C66: CUICHAPA 106D | D66: OPERANDO | E66: =+E65+1 -> 46181 | F66: =BJ3 -> 1 | G66: =BK3 -> 3 | H66: =BL3 -> 0 | I66: =BM3 -> 0 | J66: =BN3 -> 0 | K66: =BO3 -> 0 | L66: =BP3 -> 0 | M66: =+G66-F66 -> 2 | N66: =+M66+F66 -> 3
C67: CUICHAPA 106D | D67: OPERANDO | E67: =+E66+1 -> 46182 | F67: =BR3 -> 1 | G67: =BS3 -> 3 | H67: =BT3 -> 0 | I67: =BU3 -> 0 | J67: =BV3 -> 0 | K67: =BW3 -> 0 | L67: =BX3 -> 0 | M67: =+G67-F67 -> 2 | N67: =+M67+F67 -> 3
C68: CUICHAPA 106D | D68: OPERANDO | E68: =+E67+1 -> 46183 | F68: =BZ3 -> 1 | G68: =CA3 -> 3 | H68: =CB3 -> 0 | I68: =CC3 -> 0 | J68: =CD3 -> 0 | K68: =CE3 -> 0 | L68: =CF3 -> 0 | M68: =+G68-F68 -> 2 | N68: =+M68+F68 -> 3
C69: CUICHAPA 106D | D69: OPERANDO | E69: =+E68+1 -> 46184 | F69: =CH3 -> 1 | G69: =CI3 -> 3 | H69: =CJ3 -> 0 | I69: =CK3 -> 0 | J69: =CL3 -> 0 | K69: =CM3 -> 0 | L69: =CN3 -> 0 | M69: =+G69-F69 -> 2 | N69: =+M69+F69 -> 3
C70: CUICHAPA 106D | D70: OPERANDO | E70: =+E69+1 -> 46185 | F70: =CP3 -> 1 | G70: =CQ3 -> 3 | H70: =CR3 -> 0 | I70: =CS3 -> 0 | J70: =CT3 -> 0 | K70: =CU3 -> 0 | L70: =CV3 -> 0 | M70: =+G70-F70 -> 2 | N70: =+M70+F70 -> 3
C71: CUICHAPA 106D | D71: OPERANDO | E71: =+E70+1 -> 46186 | F71: =CX3 -> 1 | G71: =CY3 -> 3 | H71: =CZ3 -> 0 | I71: =DA3 -> 0 | J71: =DB3 -> 0 | K71: =DC3 -> 0 | L71: =DD3 -> 0 | M71: =+G71-F71 -> 2 | N71: =+M71+F71 -> 3
C72: CUICHAPA 106D | D72: OPERANDO | E72: =+E71+1 -> 46187 | F72: =DF3 -> 1 | G72: =DG3 -> 3 | H72: =DH3 -> 0 | I72: =DI3 -> 0 | J72: =DJ3 -> 0 | K72: =DK3 -> 0 | L72: =DL3 -> 0 | M72: =+G72-F72 -> 2 | N72: =+M72+F72 -> 3
C73: CUICHAPA 106D | D73: OPERANDO | E73: =+E72+1 -> 46188 | F73: =DN3 -> 1 | G73: =DO3 -> 2 | H73: =DP3 -> 0 | I73: =DQ3 -> 0 | J73: =DR3 -> 0 | K73: =DS3 -> 0 | L73: =DT3 -> 0 | M73: =+G73-F73 -> 1 | N73: =+M73+F73 -> 2
C74: CUICHAPA 106D | D74: OPERANDO | E74: =+E73+1 -> 46189 | F74: =DV3 -> 1 | G74: =DW3 -> 2 | H74: =DX3 -> 0 | I74: =DY3 -> 0 | J74: =DZ3 -> 0 | K74: =EA3 -> 0 | L74: =EB3 -> 0 | M74: =+G74-F74 -> 1 | N74: =+M74+F74 -> 2
C75: CUICHAPA 106D | D75: OPERANDO | E75: =+E74+1 -> 46190 | F75: =ED3 -> 1 | G75: =EE3 -> 2 | H75: =H3 -> 0 | I75: =I3 -> 0 | J75: =J3 -> 0 | K75: =K3 -> 0 | L75: =L3 -> 0 | M75: =+G75-F75 -> 1 | N75: =+M75+F75 -> 2
C76: CUICHAPA 106D | D76: OPERANDO | E76: =+E75+1 -> 46191 | F76: =EL3 -> 1 | G76: =EM3 -> 2 | H76: =EN3 -> 0 | I76: =EO3 -> 0 | J76: =EP3 -> 0 | K76: =EQ3 -> 0 | L76: =ER3 -> 0 | M76: =+G76-F76 -> 1 | N76: =+M76+F76 -> 2
C77: CUICHAPA 106D | D77: OPERANDO | E77: =+E76+1 -> 46192 | F77: =ET3 -> 1 | G77: =EU3 -> 2 | H77: =EV3 -> 0 | I77: =EW3 -> 0 | J77: =EX3 -> 0 | K77: =EY3 -> 0 | L77: =EZ3 -> 0 | M77: =+G77-F77 -> 1 | N77: =+M77+F77 -> 2
C78: CUICHAPA 106D | D78: OPERANDO | E78: =+E77+1 -> 46193 | F78: =FB3 -> 0 | G78: =FC3 -> 0 | H78: =FD3 -> 0 | I78: =FE3 -> 0 | J78: =FF3 -> 0 | K78: =FG3 -> 0 | L78: =FH3 -> 0 | M78: =+G78-F78 -> 0 | N78: =+M78+F78 -> 0
C79: CUICHAPA 106D | D79: OPERANDO | E79: =+E78+1 -> 46194 | F79: =FJ3 -> 0 | G79: =FK3 -> 0 | H79: =FL3 -> 0 | I79: =FM3 -> 0 | J79: =FN3 -> 0 | K79: =FO3 -> 0 | L79: =FP3 -> 0 | M79: =+G79-F79 -> 0 | N79: =+M79+F79 -> 0
C80: CUICHAPA 106D | D80: OPERANDO | E80: =+E79+1 -> 46195 | F80: =FR3 -> 0 | G80: =FS3 -> 0 | H80: =FT3 -> 0 | I80: =FU3 -> 0 | J80: =FV3 -> 0 | K80: =FW3 -> 0 | L80: =FX3 -> 0 | M80: =+G80-F80 -> 0 | N80: =+M80+F80 -> 0
C81: CUICHAPA 106D | D81: OPERANDO | E81: =+E80+1 -> 46196 | F81: =FZ3 -> 0 | G81: =GA3 -> 0 | H81: =GB3 -> 0 | I81: =GC3 -> 0 | J81: =GD3 -> 0 | K81: =GE3 -> 0 | L81: =GF3 -> 0 | M81: =+G81-F81 -> 0 | N81: =+M81+F81 -> 0
C82: CUICHAPA 106D | D82: OPERANDO | E82: =+E81+1 -> 46197 | F82: =GH3 -> 0 | G82: =GI3 -> 0 | H82: =GJ3 -> 0 | I82: =GK3 -> 0 | J82: =GL3 -> 0 | K82: =GM3 -> 0 | L82: =GN3 -> 0 | M82: =+G82-F82 -> 0 | N82: =+M82+F82 -> 0
C83: CUICHAPA 106D | D83: OPERANDO | E83: =+E82+1 -> 46198 | F83: =GP3 -> 0 | G83: =GQ3 -> 0 | H83: =GR3 -> 0 | I83: =GS3 -> 0 | J83: =GT3 -> 0 | K83: =GU3 -> 0 | L83: =GV3 -> 0 | M83: =+G83-F83 -> 0 | N83: =+M83+F83 -> 0
C84: CUICHAPA 106D | D84: OPERANDO | E84: =+E83+1 -> 46199 | F84: =GX3 -> 0 | G84: =GY3 -> 0 | H84: =GZ3 -> 0 | I84: =HA3 -> 0 | J84: =HB3 -> 0 | K84: =HC3 -> 0 | L84: =HD3 -> 0 | M84: =+G84-F84 -> 0 | N84: =+M84+F84 -> 0
C85: CUICHAPA 106D | D85: OPERANDO | E85: =+E84+1 -> 46200 | F85: =HF3 -> 0 | G85: =HG3 -> 0 | H85: =HH3 -> 0 | I85: =HI3 -> 0 | J85: =HJ3 -> 0 | K85: =HK3 -> 0 | L85: =HL3 -> 0 | M85: =+G85-F85 -> 0 | N85: =+M85+F85 -> 0
C86: CUICHAPA 106D | D86: OPERANDO | E86: =+E85+1 -> 46201 | F86: =HN3 -> 0 | G86: =HO3 -> 0 | H86: =HP3 -> 0 | I86: =HQ3 -> 0 | J86: =HR3 -> 0 | K86: =HS3 -> 0 | L86: =HT3 -> 0 | M86: =+G86-F86 -> 0 | N86: =+M86+F86 -> 0
C87: CUICHAPA 106D | D87: OPERANDO | E87: =+E86+1 -> 46202 | F87: =HV3 -> 0 | G87: =HW3 -> 0 | H87: =HX3 -> 0 | I87: =HY3 -> 0 | J87: =HZ3 -> 0 | K87: =IA3 -> 0 | L87: =IB3 -> 0 | M87: =+G87-F87 -> 0 | N87: =+M87+F87 -> 0
C88: CUICHAPA 106D | D88: OPERANDO | E88: =+E87+1 -> 46203 | F88: =ID3 -> 0 | G88: =IE3 -> 0 | H88: =IF3 -> 0 | I88: =IG3 -> 0 | J88: =IH3 -> 0 | K88: =II3 -> 0 | L88: =IJ3 -> 0 | M88: =+G88-F88 -> 0 | N88: =+M88+F88 -> 0
C89: CUICHAPA 106D | D89: OPERANDO | E89: =+E88+1 -> 46204 | F89: =IL3 -> 0 | G89: =IM3 -> 0 | H89: =IN3 -> 0 | I89: =IO3 -> 0 | J89: =IP3 -> 0 | K89: =IQ3 -> 0 | L89: =IR3 -> 0 | M89: =+G89-F89 -> 0 | N89: =+M89+F89 -> 0
C90: CUICHAPA 107 | D90: CERRADO | E90: =+E59 -> 46174 | F90: =F4 -> 0 | G90: =G4 -> 0 | H90: =H4 -> 0 | I90: =I4 -> 0 | J90: =J4 -> 0 | K90: =K4 -> 0 | L90: =L4 -> 0 | M90: =+G90-F90 -> 0 | N90: =+M90+F90 -> 0
C91: CUICHAPA 107 | D91: CERRADO | E91: =+E90+1 -> 46175 | F91: =N4 -> 0 | G91: =O4 -> 0 | H91: =P4 -> 0 | I91: =Q4 -> 0 | J91: =R4 -> 0 | K91: =S4 -> 0 | L91: =T4 -> 0 | M91: =+G91-F91 -> 0 | N91: =+M91+F91 -> 0
C92: CUICHAPA 107 | D92: CERRADO | E92: =+E91+1 -> 46176 | F92: =V4 -> 0 | G92: =W4 -> 0 | H92: =X4 -> 0 | I92: =Y4 -> 0 | J92: =Z4 -> 0 | K92: =AA4 -> 0 | L92: =AB4 -> 0 | N92: =+M92+F92 -> 0
C93: CUICHAPA 107 | D93: CERRADO | E93: =+E92+1 -> 46177 | F93: =AD4 -> 0 | G93: =AE4 -> 0 | H93: =AF4 -> 0 | I93: =AG4 -> 0 | J93: =AH4 -> 0 | K93: =AI4 -> 0 | L93: =AJ4 -> 0 | M93: =+G93-F93 -> 0 | N93: =+M93+F93 -> 0
C94: CUICHAPA 107 | D94: CERRADO | E94: =+E93+1 -> 46178 | F94: =AL4 -> 0 | G94: =AM4 -> 0 | H94: =AN4 -> 0 | I94: =AO4 -> 0 | J94: =AP4 -> 0 | K94: =AQ4 -> 0 | L94: =AR4 -> 0 | M94: =+G94-F94 -> 0 | N94: =+M94+F94 -> 0
C95: CUICHAPA 107 | D95: CERRADO | E95: =+E94+1 -> 46179 | F95: =AT4 -> 0 | G95: =AU4 -> 0 | H95: =AV4 -> 0 | I95: =AW4 -> 0 | J95: =AX4 -> 0 | K95: =AY4 -> 0 | L95: =AZ4 -> 0 | M95: =+G95-F95 -> 0 | N95: =+M95+F95 -> 0
C96: CUICHAPA 107 | D96: CERRADO | E96: =+E95+1 -> 46180 | F96: =BB4 -> 0 | G96: =BC4 -> 0 | H96: =BD4 -> 0 | I96: =BE4 -> 0 | J96: =BF4 -> 0 | K96: =BG4 -> 0 | L96: =BH4 -> 0 | M96: =+G96-F96 -> 0 | N96: =+M96+F96 -> 0
C97: CUICHAPA 107 | D97: CERRADO | E97: =+E96+1 -> 46181 | F97: =BJ4 -> 0 | G97: =BK4 -> 0 | H97: =BL4 -> 0 | I97: =BM4 -> 0 | J97: =BN4 -> 0 | K97: =BO4 -> 0 | L97: =BP4 -> 0 | M97: =+G97-F97 -> 0 | N97: =+M97+F97 -> 0
C98: CUICHAPA 107 | D98: CERRADO | E98: =+E97+1 -> 46182 | F98: =BR4 -> 0 | G98: =BS4 -> 0 | H98: =BT4 -> 0 | I98: =BU4 -> 0 | J98: =BV4 -> 0 | K98: =BW4 -> 0 | L98: =BX4 -> 0 | M98: =+G98-F98 -> 0 | N98: =+M98+F98 -> 0
C99: CUICHAPA 107 | D99: CERRADO | E99: =+E98+1 -> 46183 | F99: =BZ4 -> 0 | G99: =CA4 -> 0 | H99: =CB4 -> 0 | I99: =CC4 -> 0 | J99: =CD4 -> 0 | K99: =CE4 -> 0 | L99: =CF4 -> 0 | M99: =+G99-F99 -> 0 | N99: =+M99+F99 -> 0
C100: CUICHAPA 107 | D100: CERRADO | E100: =+E99+1 -> 46184 | F100: =CH4 -> 0 | G100: =CI4 -> 0 | H100: =CJ4 -> 0 | I100: =CK4 -> 0 | J100: =CL4 -> 0 | K100: =CM4 -> 0 | L100: =CN4 -> 0 | M100: =+G100-F100 -> 0 | N100: =+M100+F100 -> 0
C101: CUICHAPA 107 | D101: CERRADO | E101: =+E100+1 -> 46185 | F101: =CP4 -> 0 | G101: =CQ4 -> 0 | H101: =CR4 -> 0 | I101: =CS4 -> 0 | J101: =CT4 -> 0 | K101: =CU4 -> 0 | L101: =CV4 -> 0 | M101: =+G101-F101 -> 0 | N101: =+M101+F101 -> 0
C102: CUICHAPA 107 | D102: CERRADO | E102: =+E101+1 -> 46186 | F102: =CX4 -> 0 | G102: =CY4 -> 0 | H102: =CZ4 -> 0 | I102: =DA4 -> 0 | J102: =DB4 -> 0 | K102: =DC4 -> 0 | L102: =DD4 -> 0 | M102: =+G102-F102 -> 0 | N102: =+M102+F102 -> 0
C103: CUICHAPA 107 | D103: CERRADO | E103: =+E102+1 -> 46187 | F103: =DF4 -> 0 | G103: =DG4 -> 0 | H103: =DH4 -> 0 | I103: =DI4 -> 0 | J103: =DJ4 -> 0 | K103: =DK4 -> 0 | L103: =DL4 -> 0 | M103: =+G103-F103 -> 0 | N103: =+M103+F103 -> 0
...

Sheet Graficos
B3: Pozos Operando
A4: Fecha | B4: Abiertos | C4: Cerrados | E4: Supervision | H4: Nivel FT | J4: Trabajo de Pozo | L4: Drenar Lineas | N4: Medicion BS2 | P4: Aforo FT | R4: Aperturas Interm.
A5: 46082 | B5: 28 | C5: 6 | E5: =+ABRIL!F54 -> 29 | H5: =+ABRIL!G54 -> 29 | J5: =+ABRIL!H54 -> 0 | L5: =+ABRIL!I54 -> 0 | N5: =+ABRIL!J54 -> 0 | P5: =+ABRIL!K54 -> 0 | R5: =+ABRIL!L54 -> 0
A6: 46083 | B6: 28 | C6: 6 | E6: =+ABRIL!N54 -> 37 | H6: =+ABRIL!O54 -> 23 | J6: =+ABRIL!P54 -> 0 | L6: =+ABRIL!Q54 -> 0 | N6: =+ABRIL!R54 -> 0 | P6: =+ABRIL!S54 -> 0 | R6: =+ABRIL!T54 -> 0
A7: 46084 | B7: 28 | C7: 6 | E7: =+ABRIL!V54 -> 18 | H7: =+ABRIL!W54 -> 18 | J7: =+ABRIL!X54 -> 0 | L7: =+ABRIL!Y54 -> 0 | N7: =+ABRIL!Z54 -> 0 | P7: =+ABRIL!AA54 -> 0 | R7: =+ABRIL!AB54 -> 0
A8: 46085 | B8: 28 | C8: 6 | E8: =+ABRIL!AD54 -> 27 | H8: =+ABRIL!AE54 -> 29 | J8: =+ABRIL!AF54 -> 0 | L8: =+ABRIL!AG54 -> 0 | N8: =+ABRIL!AH54 -> 0 | P8: =+ABRIL!AI54 -> 0 | R8: =+ABRIL!AJ54 -> 0
A9: 46086 | B9: 28 | C9: 6 | E9: =+ABRIL!AL54 -> 26 | H9: =+ABRIL!AM54 -> 35 | J9: =+ABRIL!AN54 -> 0 | L9: =+ABRIL!AO54 -> 0 | N9: =+ABRIL!AP54 -> 0 | P9: =+ABRIL!AQ54 -> 0 | R9: =+ABRIL!AR54 -> 0
A10: 46087 | B10: 28 | C10: 6 | E10: =+ABRIL!AT54 -> 24 | H10: =+ABRIL!AU54 -> 26 | J10: =+ABRIL!AV54 -> 0 | L10: =+ABRIL!AW54 -> 0 | N10: =+ABRIL!AX54 -> 0 | P10: =+ABRIL!AY54 -> 0 | R10: =+ABRIL!AZ54 -> 0
A11: 46088 | B11: 28 | C11: 6 | E11: =+ABRIL!BB54 -> 25 | H11: =+ABRIL!BC54 -> 18 | J11: =+ABRIL!BD54 -> 0 | L11: =+ABRIL!BE54 -> 0 | N11: =+ABRIL!BF54 -> 0 | P11: =+ABRIL!BG54 -> 0 | R11: =+ABRIL!BH54 -> 0
A12: 46089 | B12: 28 | C12: 6 | E12: =+ABRIL!BJ54 -> 23 | H12: =+ABRIL!BK54 -> 19 | J12: =+ABRIL!BL54 -> 0 | L12: =+ABRIL!BM54 -> 0 | N12: =+ABRIL!BN54 -> 0 | P12: =+ABRIL!BO54 -> 0 | R12: =+ABRIL!BP54 -> 0
A13: 46090 | B13: 28 | C13: 6 | E13: =+ABRIL!BR54 -> 27 | H13: =+ABRIL!BS54 -> 30 | J13: =+ABRIL!BT54 -> 0 | L13: =+ABRIL!BU54 -> 0 | N13: =+ABRIL!BV54 -> 0 | P13: =+ABRIL!BW54 -> 0 | R13: =+ABRIL!BX54 -> 0
A14: 46091 | B14: 28 | C14: 6 | E14: =+ABRIL!BZ54 -> 27 | H14: =+ABRIL!CA54 -> 30 | J14: =+ABRIL!CB54 -> 0 | L14: =+ABRIL!CC54 -> 0 | N14: =+ABRIL!CD54 -> 0 | P14: =+ABRIL!CE54 -> 0 | R14: =+ABRIL!CF54 -> 0
A15: 46092 | B15: 28 | C15: 6 | E15: =+ABRIL!CH54 -> 27 | H15: =+ABRIL!CI54 -> 25 | J15: =+ABRIL!CJ54 -> 0 | L15: =+ABRIL!CK54 -> 0 | N15: =+ABRIL!CL54 -> 0 | P15: =+ABRIL!CM54 -> 0 | R15: =+ABRIL!CN54 -> 0
A16: 46093 | B16: 28 | C16: 6 | E16: =+ABRIL!CP54 -> 23 | H16: =+ABRIL!CQ54 -> 23 | J16: =+ABRIL!CR54 -> 0 | L16: =+ABRIL!CS54 -> 0 | N16: =+ABRIL!CT54 -> 0 | P16: =+ABRIL!CU54 -> 0 | R16: =+ABRIL!CV54 -> 0
A17: 46094 | B17: 28 | C17: 6 | E17: =+ABRIL!CX54 -> 30 | H17: =+ABRIL!CY54 -> 25 | J17: =+ABRIL!CZ54 -> 0 | L17: =+ABRIL!DA54 -> 0 | N17: =+ABRIL!DB54 -> 0 | P17: =+ABRIL!DC54 -> 0 | R17: =+ABRIL!DD54 -> 0
A18: 46095 | B18: 28 | C18: 6 | E18: =+ABRIL!DF54 -> 30 | H18: =+ABRIL!DG54 -> 26 | J18: =+ABRIL!DH54 -> 0 | L18: =+ABRIL!DI54 -> 0 | N18: =+ABRIL!DJ54 -> 0 | P18: =+ABRIL!DK54 -> 0 | R18: =+ABRIL!DL54 -> 0
A19: 46096 | B19: 28 | C19: 6 | E19: =+ABRIL!DN54 -> 18 | H19: =+ABRIL!DO54 -> 13 | J19: =+ABRIL!DP54 -> 0 | L19: =+ABRIL!DQ54 -> 0 | N19: =+ABRIL!DR54 -> 0 | P19: =+ABRIL!DS54 -> 0 | R19: =+ABRIL!DT54 -> 0
A20: 46097 | B20: 28 | C20: 6 | E20: =+ABRIL!DV54 -> 13 | H20: =+ABRIL!DW54 -> 14 | J20: =+ABRIL!DX54 -> 0 | L20: =+ABRIL!DY54 -> 0 | N20: =+ABRIL!DZ54 -> 0 | P20: =+ABRIL!EA54 -> 0 | R20: =+ABRIL!EB54 -> 0
A21: 46098 | B21: 28 | C21: 6 | E21: =+ABRIL!ED54 -> 18 | H21: =+ABRIL!EE54 -> 17 | J21: =+ABRIL!EF54 -> 0 | L21: =+ABRIL!EG54 -> 0 | N21: =+ABRIL!EH54 -> 0 | P21: =+ABRIL!EI54 -> 0 | R21: =+ABRIL!EJ54 -> 0
A22: 46099 | B22: 28 | C22: 6 | E22: =+ABRIL!EL54 -> 17 | H22: =+ABRIL!EM54 -> 14 | J22: =+ABRIL!EN54 -> 0 | L22: =+ABRIL!EO54 -> 0 | N22: =+ABRIL!EP54 -> 0 | P22: =+ABRIL!EQ54 -> 0 | R22: =+ABRIL!ER54 -> 0 | AH22: 21
A23: 46100 | B23: 28 | C23: 6 | E23: =+ABRIL!ET54 -> 15 | H23: =+ABRIL!EU54 -> 13 | J23: =+ABRIL!EV54 -> 0 | L23: =+ABRIL!EW54 -> 0 | N23: =+ABRIL!EX54 -> 0 | P23: =+ABRIL!EY54 -> 0 | R23: =+ABRIL!EZ54 -> 0 | AT23: 29
A24: 46101 | B24: 28 | C24: 6 | E24: =+ABRIL!FB54 -> 0 | H24: =+ABRIL!FC54 -> 0 | J24: =+ABRIL!FD54 -> 0 | L24: =+ABRIL!FE54 -> 0 | N24: =+ABRIL!FF54 -> 0 | P24: =+ABRIL!FG54 -> 0 | R24: =+ABRIL!FH54 -> 0
A25: 46102 | B25: 28 | C25: 6 | E25: =+ABRIL!FJ54 -> 0 | H25: =+ABRIL!FK54 -> 0 | J25: =+ABRIL!FL54 -> 0 | L25: =+ABRIL!FM54 -> 0 | N25: =+ABRIL!FN54 -> 0 | P25: =+ABRIL!FO54 -> 0 | R25: =+ABRIL!FP54 -> 0
A26: 46103 | B26: 28 | C26: 6 | E26: =+ABRIL!FR54 -> 0 | H26: =+ABRIL!FS54 -> 0 | J26: =+ABRIL!FT54 -> 0 | L26: =+ABRIL!FU54 -> 0 | N26: =+ABRIL!FV54 -> 0 | P26: =+ABRIL!FW54 -> 0 | R26: =+ABRIL!FX54 -> 0
A27: 46104 | B27: 28 | C27: 6 | E27: =+ABRIL!FZ54 -> 0 | H27: =+ABRIL!GA54 -> 0 | J27: =+ABRIL!GB54 -> 0 | L27: =+ABRIL!GC54 -> 0 | N27: =+ABRIL!GD54 -> 0 | P27: =+ABRIL!GE54 -> 0 | R27: =+ABRIL!GF54 -> 0
A28: 46105 | B28: 28 | C28: 6 | E28: =+ABRIL!GH54 -> 0 | H28: =+ABRIL!GI54 -> 0 | J28: =+ABRIL!GJ54 -> 0 | L28: =+ABRIL!GK54 -> 0 | N28: =+ABRIL!GL54 -> 0 | P28: =+ABRIL!GM54 -> 0 | R28: =+ABRIL!GN54 -> 0
A29: 46106 | B29: 28 | C29: 6 | E29: =+ABRIL!GP54 -> 0 | H29: =+ABRIL!GQ54 -> 0 | J29: =+ABRIL!GR54 -> 0 | L29: =+ABRIL!GS54 -> 0 | N29: =+ABRIL!GT54 -> 0 | P29: =+ABRIL!GU54 -> 0 | R29: =+ABRIL!GV54 -> 0
A30: 46107 | B30: 28 | C30: 6 | E30: =+ABRIL!GX54 -> 0 | H30: =+ABRIL!GY54 -> 0 | J30: =+ABRIL!GZ54 -> 0 | L30: =+ABRIL!HA54 -> 0 | N30: =+ABRIL!HB54 -> 0 | P30: =+ABRIL!HC54 -> 0 | R30: =+ABRIL!HD54 -> 0
A31: 46108 | B31: 28 | C31: 6 | E31: =+ABRIL!HF54 -> 0 | H31: =+ABRIL!HG54 -> 0 | J31: =+ABRIL!HH54 -> 0 | L31: =+ABRIL!HI54 -> 0 | N31: =+ABRIL!HJ54 -> 0 | P31: =+ABRIL!HK54 -> 0 | R31: =+ABRIL!HL54 -> 0
A32: 46109 | B32: 28 | C32: 6 | E32: =+ABRIL!HN54 -> 0 | H32: =+ABRIL!HO54 -> 0 | J32: =+ABRIL!HP54 -> 0 | L32: =+ABRIL!HQ54 -> 0 | N32: =+ABRIL!HR54 -> 0 | P32: =+ABRIL!HS54 -> 0 | R32: =+ABRIL!HT54 -> 0
A33: 46110 | B33: 28 | C33: 6 | E33: =+ABRIL!HV54 -> 0 | H33: =+ABRIL!HW54 -> 0 | J33: =+ABRIL!HX54 -> 0 | L33: =+ABRIL!HY54 -> 0 | N33: =+ABRIL!HZ54 -> 0 | P33: =+ABRIL!IA54 -> 0 | R33: =+ABRIL!IB54 -> 0
A34: 46111 | B34: 28 | C34: 6 | E34: =+ABRIL!ID54 -> 0 | H34: =+ABRIL!IE54 -> 0 | J34: =+ABRIL!IF54 -> 0 | L34: =+ABRIL!IG54 -> 0 | N34: =+ABRIL!HZ54 -> 0 | P34: =+ABRIL!II54 -> 0 | R34: =+ABRIL!IJ54 -> 0
A35: 46112 | B35: 28 | C35: 6 | E35: =+ABRIL!IL54 -> 0 | H35: =+ABRIL!IM54 -> 0 | J35: =+ABRIL!IN54 -> 0 | L35: =+ABRIL!IO54 -> 0 | N35: =+ABRIL!IP54 -> 0 | P35: =+ABRIL!IQ54 -> 0 | R35: =+ABRIL!IR54 -> 0
A37: PROMEDIO | E37: =AVERAGE(E5:E35) -> 14.645161 | H37: =AVERAGE(H5:H35) -> 13.774194 | J37: =AVERAGE(J5:J35) -> 0 | L37: =AVERAGE(L5:L35) -> 0 | N37: =AVERAGE(N5:N35) -> 0 | P37: =AVERAGE(P5:P35) -> 0 | R37: =AVERAGE(R5:R35) -> 0
B72: PROMEDIO MENSUALES
B73: ACTIVIDADES | G73: Real
B74: Supervisión y monitoreo de condiciones operativas a pozos | G74: =+E37 -> 14.645161
B75: Aforo/Medición a pozo (batería-FT) | G75: =+P37 -> 0
B76: Drenar líquidos en red de BN | G76: =+L37 -> 0
B77: Trabajo a pozo | G77: =+J37 -> 0

Sheet GVMetadata
A2: GVData0 | B2: (end)
